/*
Navicat MySQL Data Transfer

Source Server         : zong
Source Server Version : 50087
Source Host           : localhost:3306
Source Database       : zbase

Target Server Type    : MYSQL
Target Server Version : 50087
File Encoding         : 65001

Date: 2017-04-17 00:19:27
*/

SET FOREIGN_KEY_CHECKS=0;

-- ----------------------------
-- Table structure for craw_rule
-- ----------------------------
DROP TABLE IF EXISTS `craw_rule`;
CREATE TABLE `craw_rule` (
  `id` int(11) NOT NULL auto_increment,
  `name` varchar(255) default NULL COMMENT '名称',
  `craw_store` varchar(255) default NULL COMMENT '唯一编号，作为存储表名',
  `craw_url` varchar(255) default NULL COMMENT '爬取路径',
  `craw_item` varchar(255) default NULL COMMENT '列表条目规则',
  `craw_next` varchar(255) default NULL,
  `list_ext` text COMMENT '扩展规则，json数组存储多个',
  `content_ext` text,
  `type` varchar(255) default NULL COMMENT '1列表 2详情',
  PRIMARY KEY  (`id`)
) ENGINE=InnoDB AUTO_INCREMENT=23 DEFAULT CHARSET=utf8 COMMENT='jsoup爬虫解析规则';

-- ----------------------------
-- Records of craw_rule
-- ----------------------------
INSERT INTO `craw_rule` VALUES ('13', '洛天依专题', 'tianyi', 'http://www.bilibili.com/sppage/ad-new-738-1.html', '.vidbox>li', ';url[-(\\d+)\\.html]', '[{\"rule_ext_name\":\"title\",\"rule_ext_css\":\"a\",\"rule_ext_type\":\"attr\",\"rule_ext_reg\":\"\",\"rule_ext_attr\":\"title\",\"rule_ext_mode\":\"string\",\"rule_ext_desc\":\"标题\"},{\"rule_ext_name\":\"url\",\"rule_ext_css\":\"a\",\"rule_ext_type\":\"attr\",\"rule_ext_reg\":\"\",\"rule_ext_attr\":\"href\",\"rule_ext_mode\":\"string\",\"rule_ext_desc\":\"详情链接\"},{\"rule_ext_name\":\"cover\",\"rule_ext_css\":\".preview>img\",\"rule_ext_type\":\"attr\",\"rule_ext_reg\":\"\",\"rule_ext_attr\":\"src\",\"rule_ext_mode\":\"string\",\"rule_ext_desc\":\"封面\"}]', '[{\"rule_ext_name\":\"content\",\"rule_ext_css\":\"#v_desc\",\"rule_ext_type\":\"text\",\"rule_ext_reg\":\"\",\"rule_ext_attr\":\"href\",\"rule_ext_mode\":\"string\",\"rule_ext_desc\":\"详情内容\"},{\"rule_ext_name\":\"start_date\",\"rule_ext_css\":\"time[itemprop=startDate]\",\"rule_ext_type\":\"text\",\"rule_ext_reg\":\"\",\"rule_ext_attr\":\"href\",\"rule_ext_mode\":\"string\",\"rule_ext_desc\":\"\"},{\"rule_ext_name\":\"click_count\",\"rule_ext_css\":\"#dianji\",\"rule_ext_type\":\"text\",\"rule_ext_reg\":\"\",\"rule_ext_attr\":\"href\",\"rule_ext_mode\":\"string\",\"rule_ext_desc\":\"点击量\"},{\"rule_ext_name\":\"dm_count\",\"rule_ext_css\":\"#dm_count\",\"rule_ext_type\":\"text\",\"rule_ext_reg\":\"\",\"rule_ext_attr\":\"href\",\"rule_ext_mode\":\"string\",\"rule_ext_desc\":\"\"},{\"rule_ext_name\":\"stow_count\",\"rule_ext_css\":\"#stow_count\",\"rule_ext_type\":\"text\",\"rule_ext_reg\":\"\",\"rule_ext_attr\":\"href\",\"rule_ext_mode\":\"string\",\"rule_ext_desc\":\"\"},{\"rule_ext_name\":\"v_ctimes\",\"rule_ext_css\":\"#v_ctimes\",\"rule_ext_type\":\"text\",\"rule_ext_reg\":\"\",\"rule_ext_attr\":\"href\",\"rule_ext_mode\":\"string\",\"rule_ext_desc\":\"\"},{\"rule_ext_name\":\"up_name\",\"rule_ext_css\":\".usname>a:eq(0)\",\"rule_ext_type\":\"text\",\"rule_ext_reg\":\"\",\"rule_ext_attr\":\"href\",\"rule_ext_mode\":\"string\",\"rule_ext_desc\":\"\"},{\"rule_ext_name\":\"up_url\",\"rule_ext_css\":\".usname>a:eq(0)\",\"rule_ext_type\":\"attr\",\"rule_ext_reg\":\"\",\"rule_ext_attr\":\"href\",\"rule_ext_mode\":\"string\",\"rule_ext_desc\":\"\"},{\"rule_ext_name\":\"tags\",\"rule_ext_css\":\".tag-area>li.tag\",\"rule_ext_type\":\"text\",\"rule_ext_reg\":\"\",\"rule_ext_attr\":\"href\",\"rule_ext_mode\":\"array\",\"rule_ext_desc\":\"标签\"},{\"rule_ext_name\":\"embed_url\",\"rule_ext_css\":\"input[name=flash_address]\",\"rule_ext_type\":\"attr\",\"rule_ext_reg\":\"\",\"rule_ext_attr\":\"value\",\"rule_ext_mode\":\"string\",\"rule_ext_desc\":\"\"}]', null);
INSERT INTO `craw_rule` VALUES ('21', '古诗网', 'gushi', 'http://so.gushiwen.org/type.aspx', '.sons', '.pages a:contains(下一页);attr;href', '[{\"rule_ext_name\":\"title\",\"rule_ext_css\":\".sons p:eq(0)\",\"rule_ext_type\":\"text\",\"rule_ext_reg\":\"\",\"rule_ext_attr\":\"href\",\"rule_ext_mode\":\"string\",\"rule_ext_desc\":\"标题\"},{\"rule_ext_name\":\"url\",\"rule_ext_css\":\".sons p:eq(0) a\",\"rule_ext_type\":\"attr\",\"rule_ext_reg\":\"\",\"rule_ext_attr\":\"href\",\"rule_ext_mode\":\"string\",\"rule_ext_desc\":\"详情地址\"}]', '[{\"rule_ext_name\":\"content\",\"rule_ext_css\":\"#cont\",\"rule_ext_type\":\"html\",\"rule_ext_reg\":\"\",\"rule_ext_attr\":\"href\",\"rule_ext_mode\":\"string\",\"rule_ext_desc\":\"详情内容\"},{\"rule_ext_name\":\"danysty\",\"rule_ext_css\":\".shileft .son2 p:eq(0)\",\"rule_ext_type\":\"text\",\"rule_ext_reg\":\"\",\"rule_ext_attr\":\"href\",\"rule_ext_mode\":\"string\",\"rule_ext_desc\":\"朝代\"},{\"rule_ext_name\":\"author\",\"rule_ext_css\":\".shileft .son2 p:eq(1) a\",\"rule_ext_type\":\"text\",\"rule_ext_reg\":\"\",\"rule_ext_attr\":\"href\",\"rule_ext_mode\":\"string\",\"rule_ext_desc\":\"作者\"}]', null);

-- ----------------------------
-- Table structure for craw_store_gushi
-- ----------------------------
DROP TABLE IF EXISTS `craw_store_gushi`;
CREATE TABLE `craw_store_gushi` (
  `id` int(11) NOT NULL auto_increment COMMENT 'mysql自增主键',
  `title` varchar(255) default NULL COMMENT '标题',
  `url` varchar(255) default NULL COMMENT '详情地址，如果有详情页',
  `content` mediumtext COMMENT '详情内容',
  `status` int(11) NOT NULL default '1' COMMENT '状态：1未解析 2已解析 3解析失败',
  `create_time` datetime default NULL COMMENT '创建时间',
  `update_time` datetime default NULL COMMENT '修改时间',
  `danysty` varchar(500) default NULL COMMENT '朝代',
  `author` varchar(500) default NULL COMMENT '作者',
  PRIMARY KEY  (`id`),
  UNIQUE KEY `url` (`url`)
) ENGINE=InnoDB AUTO_INCREMENT=111 DEFAULT CHARSET=utf8 COMMENT='古诗网';

-- ----------------------------
-- Records of craw_store_gushi
-- ----------------------------
INSERT INTO `craw_store_gushi` VALUES ('1', '水调歌头·明月几时有', 'http://so.gushiwen.org/view_49386.aspx', '<p> <span style=\"font-family:KaiTi_GB2312;\"> 丙辰中秋，欢饮达旦，大醉，作此篇，兼怀子由。 </span> </p> \n<p> 明月几时有？把酒问青天。不知天上宫阙，今夕是何年。我欲乘风归去，又恐琼楼玉宇，高处不胜寒。起舞弄清影，何似在人间？(何似 一作：何时；又恐 一作：惟 / 唯恐) <br> 转朱阁，低绮户，照无眠。不应有恨，何事长向别时圆？人有悲欢离合，月有阴晴圆缺，此事古难全。但愿人长久，千里共婵娟。(长向 一作：偏向) </p>', '2', '2017-04-16 23:23:31', '2017-04-16 23:52:23', '朝代： 宋代', '苏轼');
INSERT INTO `craw_store_gushi` VALUES ('2', '将进酒', 'http://so.gushiwen.org/view_7722.aspx', '君不见，黄河之水天上来，奔流到海不复回。 \n<br> 君不见，高堂明镜悲白发，朝如青丝暮成雪。 \n<br> 人生得意须尽欢，莫使金樽空对月。 \n<br> 天生我材必有用，千金散尽还复来。 \n<br> 烹羊宰牛且为乐，会须一饮三百杯。 \n<br> 岑夫子，丹丘生，将进酒，杯莫停。 \n<br> 与君歌一曲，请君为我倾耳听。(倾耳听 一作：侧耳听) \n<br> 钟鼓馔玉不足贵，但愿长醉不复醒。(不足贵 一作：何足贵；不复醒 一作：不愿醒/不用醒) \n<br> 古来圣贤皆寂寞，惟有饮者留其名。(古来 一作：自古；惟 通：唯) \n<br> 陈王昔时宴平乐，斗酒十千恣欢谑。 \n<br> 主人何为言少钱，径须沽取对君酌。 \n<br> 五花马，千金裘，呼儿将出换美酒，与尔同销万古愁。', '2', '2017-04-16 23:23:31', '2017-04-16 23:52:25', '朝代： 唐代', '李白');
INSERT INTO `craw_store_gushi` VALUES ('3', '桃花源记', 'http://so.gushiwen.org/view_71137.aspx', '<p>　　晋太元中，武陵人捕鱼为业。缘溪行，忘路之远近。忽逢桃花林，夹岸数百步，中无杂树，芳草鲜美，落英缤纷，渔人甚异之。复前行，欲穷其林。</p> \n<p>　　林尽水源，便得一山，山有小口，仿佛若有光。便舍船，从口入。初极狭，才通人。复行数十步，豁然开朗。土地平旷，屋舍俨然，有良田美池桑竹之属。阡陌交通，鸡犬相闻。其中往来种作，男女衣着，悉如外人。黄发垂髫，并怡然自乐。</p> \n<p>　　见渔人，乃大惊，问所从来。具答之。便要还家，设酒杀鸡作食。村中闻有此人，咸来问讯。自云先世避秦时乱，率妻子邑人来此绝境，不复出焉，遂与外人间隔。问今是何世，乃不知有汉，无论魏晋。此人一一为具言所闻，皆叹惋。余人各复延至其家，皆出酒食。停数日，辞去。此中人语云：“不足为外人道也。”(间隔 一作：隔绝)</p> \n<p>　　既出，得其船，便扶向路，处处志之。及郡下，诣太守，说如此。太守即遣人随其往，寻向所志，遂迷，不复得路。</p> \n<p>　　南阳刘子骥，高尚士也，闻之，欣然规往。未果，寻病终，后遂无问津者。</p>', '2', '2017-04-16 23:23:31', '2017-04-16 23:56:54', '朝代：魏晋', '陶渊明');
INSERT INTO `craw_store_gushi` VALUES ('4', '陋室铭', 'http://so.gushiwen.org/view_71138.aspx', '山不在高，有仙则名。水不在深，有龙则灵。斯是陋室，惟吾德馨。苔痕上阶绿，草色入帘青。谈笑有鸿儒，往来无白丁。可以调素琴，阅金经。无丝竹之乱耳，无案牍之劳形。南阳诸葛庐，西蜀子云亭。孔子云：何陋之有？', '2', '2017-04-16 23:23:31', '2017-04-16 23:52:29', '朝代： 唐代', '刘禹锡');
INSERT INTO `craw_store_gushi` VALUES ('5', '爱莲说', 'http://so.gushiwen.org/view_71139.aspx', '<p> 　　水陆草木之花，可爱者甚蕃。晋陶渊明独爱菊。自李唐来，世人甚爱牡丹。予独爱莲之出淤泥而不染，濯清涟而不妖，中通外直，不蔓不枝，香远益清，亭亭净植，可远观而不可亵玩焉。(甚爱 一作：盛爱) </p> \n<p> 　　予谓菊，花之隐逸者也；牡丹，花之富贵者也；莲，花之君子者也。噫！菊之爱，陶后鲜有闻。莲之爱，同予者何人?牡丹之爱，宜乎众矣。 </p>', '2', '2017-04-16 23:23:31', '2017-04-16 23:52:30', '朝代： 宋代', '周敦颐');
INSERT INTO `craw_store_gushi` VALUES ('6', '元日', 'http://so.gushiwen.org/view_69086.aspx', '<p>爆竹声中一岁除，春风送暖入屠苏。<br>千门万户曈曈日，总把新桃换旧符。</p>', '2', '2017-04-16 23:23:31', '2017-04-16 23:52:52', '朝代：宋代', '王安石');
INSERT INTO `craw_store_gushi` VALUES ('7', '沁园春·雪', 'http://so.gushiwen.org/view_71250.aspx', '北国风光，千里冰封，万里雪飘。 \n<br> 望长城内外，惟余莽莽；大河上下，顿失滔滔。(余 通：馀) \n<br> 山舞银蛇，原驰蜡象，欲与天公试比高。(原驰 原作：原驱) \n<br> 须晴日，看红装素裹，分外妖娆。(红装 一作：银装) \n<br> 江山如此多娇，引无数英雄竞折腰。 \n<br> 惜秦皇汉武，略输文采；唐宗宋祖，稍逊风骚。 \n<br> 一代天骄，成吉思汗，只识弯弓射大雕。 \n<br> 俱往矣，数风流人物，还看今朝。', '2', '2017-04-16 23:23:31', '2017-04-16 23:52:34', '朝代： 近代', '');
INSERT INTO `craw_store_gushi` VALUES ('8', '满江红·写怀', 'http://so.gushiwen.org/view_64945.aspx', '<p> 怒发冲冠，凭栏处、潇潇雨歇。抬望眼，仰天长啸，壮怀激烈。三十功名尘与土，八千里路云和月。莫等闲，白了少年头，空悲切！(栏 通：阑) <br> 靖康耻，犹未雪。臣子恨，何时灭！驾长车，踏破贺兰山缺。壮志饥餐胡虏肉，笑谈渴饮匈奴血。待从头、收拾旧山河，朝天阙。(壮志 一作：壮士；兰山缺 一作：兰山阙) </p>', '2', '2017-04-16 23:23:31', '2017-04-16 23:52:35', '朝代： 宋代', '岳飞');
INSERT INTO `craw_store_gushi` VALUES ('9', '木兰诗 / 木兰辞', 'http://so.gushiwen.org/view_71131.aspx', '<p>　　唧唧复唧唧，木兰当户织。不闻机杼声，惟闻女叹息。(<strong>惟</strong>闻 通：唯)问女何所思，问女何所忆。女亦无所思，女亦无所忆。昨夜见军帖，可汗大点兵，军书十二卷，卷卷有爷名。阿爷无大儿，木兰无长兄，愿为市鞍马，从此替爷征。(<strong>惟</strong>闻 通：唯)<br></p> \n<p>　　东市买骏马，西市买鞍鞯，南市买辔头，北市买长鞭。旦辞爷娘去，暮宿黄河边，不闻爷娘唤女声，但闻黄河流水鸣溅溅。旦辞黄河去，暮至黑山头，不闻爷娘唤女声，但闻燕山胡骑鸣啾啾。</p> \n<p>　　万里赴戎机，关山度若飞。朔气传金柝，寒光照铁衣。将军百战死，壮士十年归。</p> \n<p>　　归来见天子，天子坐明堂。策勋十二转，赏赐百千强。可汗问所欲，木兰不用尚书郎，愿驰千里足，送儿还故乡。(一作：愿借明驼千里足)</p> \n<p>　　爷娘闻女来，出郭相扶将；阿姊闻妹来，当户理红妆；小弟闻姊来，磨刀霍霍向猪羊。开我东阁门，坐我西阁床，脱我战时袍，着我旧时裳。当窗理云鬓，对镜贴花黄。出门看火伴，火伴皆惊忙：同行十二年，不知木兰是女郎。（<strong>贴</strong> 通：帖；惊<strong>忙</strong> 一作：惶；惶 <strong>火</strong>伴 通：<strong>伙</strong>）</p> \n<p>　　雄兔脚扑朔，雌兔眼迷离；双兔傍地走，安能辨我是雄雌？</p>', '2', '2017-04-16 23:23:31', '2017-04-16 23:52:59', '朝代：南北朝', '');
INSERT INTO `craw_store_gushi` VALUES ('10', '春望', 'http://so.gushiwen.org/view_10835.aspx', '<p>国破山河在，城春草木深。<br>感时花溅泪，恨别鸟惊心。<br>烽火连三月，家书抵万金。<br>白头搔更短，浑欲不胜簪。</p>', '2', '2017-04-16 23:23:31', '2017-04-16 23:52:59', '朝代：唐代', '杜甫');
INSERT INTO `craw_store_gushi` VALUES ('11', '卜算子·咏梅', 'http://so.gushiwen.org/view_71266.aspx', '<p><span style=\"font-family:KaiTi_GB2312;\">读陆游咏梅词，反其意而用之。</span></p> \n<p>风雨送春归，飞雪迎春到。已是悬崖百丈冰，犹有花枝俏。<br>俏也不争春，只把春来报。待到山花烂漫时，她在丛中笑。</p>', '2', '2017-04-16 23:23:31', '2017-04-16 23:52:59', '朝代：近代', '');
INSERT INTO `craw_store_gushi` VALUES ('12', '岳阳楼记', 'http://so.gushiwen.org/view_47916.aspx', '<p>　　庆历四年春，滕子京谪守巴陵郡。越明年，政通人和，百废具兴。乃重修岳阳楼，增其旧制，刻唐贤今人诗赋于其上。属予作文以记之。(具 通：俱)</p> \n<p>　　予观夫巴陵胜状，在洞庭一湖。衔远山，吞长江，浩浩汤汤，横无际涯；朝晖夕阴，气象万千。此则岳阳楼之大观也，前人之述备矣。然则北通巫峡，南极潇湘，迁客骚人，多会于此，览物之情，得无异乎?</p> \n<p>　　若夫霪雨霏霏，连月不开，阴风怒号，浊浪排空；日星隐曜，山岳潜形；商旅不行，樯倾楫摧；薄暮冥冥，虎啸猿啼。登斯楼也，则有去国怀乡，忧谗畏讥，满目萧然，感极而悲者矣。(隐曜 一作：隐耀；霪雨 通：淫雨)</p> \n<p>　　至若春和景明，波澜不惊，上下天光，一碧万顷；沙鸥翔集，锦鳞游泳；岸芷汀兰，郁郁青青。而或长烟一空，皓月千里，浮光跃金，静影沉璧，渔歌互答，此乐何极！登斯楼也，则有心旷神怡，宠辱偕忘，把酒临风，其喜洋洋者矣。</p> \n<p>　　嗟夫！予尝求古仁人之心，或异二者之为，何哉？不以物喜，不以己悲；居庙堂之高则忧其民；处江湖之远则忧其君。是进亦忧，退亦忧。然则何时而乐耶？其必曰“先天下之忧而忧，后天下之乐而乐乎。”噫！微斯人，吾谁与归？</p> \n<p>　　时六年九月十五日。</p>', '2', '2017-04-16 23:23:32', '2017-04-16 23:53:00', '朝代：宋代', '范仲淹');
INSERT INTO `craw_store_gushi` VALUES ('13', '长恨歌', 'http://so.gushiwen.org/view_21744.aspx', '<p>汉皇重色思倾国，御宇多年求不得。杨家有女初长成，养在深闺人未识。<br>天生丽质难自弃，一朝选在君王侧。回眸一笑百媚生，六宫粉黛无颜色。<br>春寒赐浴华清池，温泉水滑洗凝脂。侍儿扶起娇无力，始是新承恩泽时。<br>云鬓花颜金步摇，芙蓉帐暖度春宵。春宵苦短日高起，从此君王不早朝。</p> \n<p>承欢侍宴无闲暇，春从春游夜专夜。后宫佳丽三千人，三千宠爱在一身。<br>金屋妆成娇侍夜，玉楼宴罢醉和春。姊妹弟兄皆列土，可怜光彩生门户。<br>遂令天下父母心，不重生男重生女。骊宫高处入青云，仙乐风飘处处闻。<br>缓歌慢舞凝丝竹，尽日君王看不足。渔阳鼙鼓动地来，惊破霓裳羽衣曲。</p> \n<p>九重城阙烟尘生，千乘万骑西南行。翠华摇摇行复止，西出都门百余里。<br>六军不发无奈何，宛转蛾眉马前死。花钿委地无人收，翠翘金雀玉搔头。<br>君王掩面救不得，回看血泪相和流。黄埃散漫风萧索，云栈萦纡登剑阁。<br>峨嵋山下少人行，旌旗无光日色薄。蜀江水碧蜀山青，圣主朝朝暮暮情。</p> \n<p>行宫见月伤心色，夜雨闻铃肠断声。天旋地转回龙驭，到此踌躇不能去。<br>马嵬坡下泥土中，不见玉颜空死处。君臣相顾尽沾衣，东望都门信马归。<br>归来池苑皆依旧，太液芙蓉未央柳。芙蓉如面柳如眉，对此如何不泪垂。<br>春风桃李花开日，秋雨梧桐叶落时。西宫南内多秋草，落叶满阶红不扫。(花开日 一作：花开夜；南内 一作：南苑)</p> \n<p>梨园弟子白发新，椒房阿监青娥老。夕殿萤飞思悄然，孤灯挑尽未成眠。<br>迟迟钟鼓初长夜，耿耿星河欲曙天。鸳鸯瓦冷霜华重，翡翠衾寒谁与共。<br>悠悠生死别经年，魂魄不曾来入梦。临邛道士鸿都客，能以精诚致魂魄。<br>为感君王辗转思，遂教方士殷勤觅。排空驭气奔如电，升天入地求之遍。</p> \n<p>上穷碧落下黄泉，两处茫茫皆不见。忽闻海上有仙山，山在虚无缥渺间。<br>楼阁玲珑五云起，其中绰约多仙子。中有一人字太真，雪肤花貌参差是。<br>金阙西厢叩玉扃，转教小玉报双成。闻道汉家天子使，九华帐里梦魂惊。<br>揽衣推枕起徘徊，珠箔银屏迤逦开。云鬓半偏新睡觉，花冠不整下堂来。</p> \n<p>风吹仙袂飘飘举，犹似霓裳羽衣舞。玉容寂寞泪阑干，梨花一枝春带雨。(阑 通：栏；飘飘 一作：飘飖)<br>含情凝睇谢君王，一别音容两渺茫。昭阳殿里恩爱绝，蓬莱宫中日月长。<br>回头下望人寰处，不见长安见尘雾。惟将旧物表深情，钿合金钗寄将去。<br>钗留一股合一扇，钗擘黄金合分钿。但教心似金钿坚，天上人间会相见。</p> \n<p>临别殷勤重寄词，词中有誓两心知。七月七日长生殿，夜半无人私语时。<br>在天愿作比翼鸟，在地愿为连理枝。天长地久有时尽，此恨绵绵无绝期。</p>', '2', '2017-04-16 23:23:32', '2017-04-16 23:53:00', '朝代：唐代', '白居易');
INSERT INTO `craw_store_gushi` VALUES ('14', '醉翁亭记', 'http://so.gushiwen.org/view_47919.aspx', '<p>　　环滁皆山也。其西南诸峰，林壑尤美，望之蔚然而深秀者，琅琊也。山行六七里，渐闻水声潺潺而泻出于两峰之间者，酿泉也。峰回路转，有亭翼然临于泉上者，醉翁亭也。作亭者谁？山之僧智仙也。名之者谁？太守自谓也。太守与客来饮于此，饮少辄醉，而年又最高，故自号曰醉翁也。醉翁之意不在酒，在乎山水之间也。山水之乐，得之心而寓之酒也。</p> \n<p>　　若夫日出而林霏开，云归而岩穴暝，晦明变化者，山间之朝暮也。野芳发而幽香，佳木秀而繁阴，风霜高洁，水落而石出者，山间之四时也。朝而往，暮而归，四时之景不同，而乐亦无穷也。</p> \n<p>　　至于负者歌于途，行者休于树，前者呼，后者应，伛偻提携，往来而不绝者，滁人游也。临溪而渔，溪深而鱼肥。酿泉为酒，泉香而酒洌；山肴野蔌，杂然而前陈者，太守宴也。宴酣之乐，非丝非竹，射者中，弈者胜，觥筹交错，起坐而喧哗者，众宾欢也。苍颜白发，颓然乎其间者，太守醉也。</p> \n<p>　　已而夕阳在山，人影散乱，太守归而宾客从也。树林阴翳，鸣声上下，游人去而禽鸟乐也。然而禽鸟知山林之乐，而不知人之乐；人知从太守游而乐，而不知太守之乐其乐也。醉能同其乐，醒能述以文者，太守也。太守谓谁？庐陵欧阳修也。</p>', '2', '2017-04-16 23:23:32', '2017-04-16 23:53:00', '朝代：宋代', '欧阳修');
INSERT INTO `craw_store_gushi` VALUES ('15', '关雎', 'http://so.gushiwen.org/view_1.aspx', '关关雎鸠，在河之洲。窈窕淑女，君子好逑。\n<br>参差荇菜，左右流之。窈窕淑女，寤寐求之。\n<br>求之不得，寤寐思服。悠哉悠哉，辗转反侧。\n<br>参差荇菜，左右采之。窈窕淑女，琴瑟友之。\n<br>参差荇菜，左右芼之。窈窕淑女，钟鼓乐之。', '2', '2017-04-16 23:23:32', '2017-04-16 23:53:01', '朝代：先秦', '');
INSERT INTO `craw_store_gushi` VALUES ('16', '小石潭记', 'http://so.gushiwen.org/view_71151.aspx', '<p>　　从小丘西行百二十步，隔篁竹，闻水声，如鸣珮环，心乐之。伐竹取道，下见小潭，水尤清冽。全石以为底，近岸，卷石底以出，为坻，为屿，为嵁，为岩。青树翠蔓，蒙络摇缀，参差披拂。(珮 通：佩)</p> \n<p>　　潭中鱼可百许头，皆若空游无所依。日光下澈，影布石上，佁然不动；俶尔远逝，往来翕忽。似与游者相乐。(下澈 一作：下彻)</p> \n<p>　　潭西南而望，斗折蛇行，明灭可见。其岸势犬牙差互，不可知其源。</p> \n<p>　　坐潭上，四面竹树环合，寂寥无人，凄神寒骨，悄怆幽邃。以其境过清，不可久居，乃记之而去。</p> \n<p>　　同游者：吴武陵，龚古，余弟宗玄。隶而从者，崔氏二小生：曰恕己，曰奉壹。</p>', '2', '2017-04-16 23:23:32', '2017-04-16 23:53:01', '朝代：唐代', '柳宗元');
INSERT INTO `craw_store_gushi` VALUES ('17', '清明', 'http://so.gushiwen.org/view_71248.aspx', '清明时节雨纷纷，路上行人欲断魂。\n<br>借问酒家何处有，牧童遥指杏花村。', '2', '2017-04-16 23:23:32', '2017-04-16 23:53:01', '朝代：唐代', '杜牧');
INSERT INTO `craw_store_gushi` VALUES ('18', '静夜思', 'http://so.gushiwen.org/view_7816.aspx', '<p>床前明月光，疑是地上霜。<br>举头望明月，低头思故乡。</p>', '2', '2017-04-16 23:23:32', '2017-04-16 23:53:01', '朝代：唐代', '李白');
INSERT INTO `craw_store_gushi` VALUES ('19', '春日', 'http://so.gushiwen.org/view_70974.aspx', '胜日寻芳泗水滨，无边光景一时新。\n<br>等闲识得东风面，万紫千红总是春。', '2', '2017-04-16 23:23:32', '2017-04-16 23:53:01', '朝代：宋代', '朱熹');
INSERT INTO `craw_store_gushi` VALUES ('20', '天净沙·秋思', 'http://so.gushiwen.org/view_69957.aspx', '枯藤老树昏鸦，\n<br>小桥流水人家，\n<br>古道西风瘦马。\n<br>夕阳西下，\n<br>断肠人在天涯。', '2', '2017-04-16 23:23:32', '2017-04-16 23:53:02', '朝代：元代', '马致远');
INSERT INTO `craw_store_gushi` VALUES ('21', '念奴娇·赤壁怀古', 'http://so.gushiwen.org/view_49394.aspx', '大江东去，浪淘尽，千古风流人物。\n<br>故垒西边，人道是，三国周郎赤壁。\n<br>乱石穿空，惊涛拍岸，卷起千堆雪。\n<br>江山如画，一时多少豪杰。\n<br>遥想公瑾当年，小乔初嫁了，雄姿英发。\n<br>羽扇纶巾，谈笑间，樯橹灰飞烟灭。(樯橹 一作：强虏)\n<br>故国神游，多情应笑我，早生华发。\n<br>人生如梦，一尊还酹江月。(人生 一作：人间；尊 通：樽)', '2', '2017-04-16 23:23:32', '2017-04-16 23:53:02', '朝代：宋代', '苏轼');
INSERT INTO `craw_store_gushi` VALUES ('22', '卜算子·咏梅', 'http://so.gushiwen.org/view_56028.aspx', '驿外断桥边，寂寞开无主。已是黄昏独自愁，更著风和雨。 \n<br>无意苦争春，一任群芳妒。零落成泥碾作尘，只有香如故。', '2', '2017-04-16 23:23:32', '2017-04-16 23:53:02', '朝代：宋代', '陆游');
INSERT INTO `craw_store_gushi` VALUES ('23', '蒹葭', 'http://so.gushiwen.org/view_127.aspx', '<p>蒹葭苍苍，白露为霜。所谓伊人，在水一方。<br>溯洄从之，道阻且长。溯游从之，宛在水中央。<br>蒹葭萋萋，白露未晞。所谓伊人，在水之湄。<br>溯洄从之，道阻且跻。溯游从之，宛在水中坻。<br>蒹葭采采，白露未已。所谓伊人，在水之涘。<br>溯洄从之，道阻且右。溯游从之，宛在水中沚。</p>', '2', '2017-04-16 23:23:32', '2017-04-16 23:53:02', '朝代：先秦', '');
INSERT INTO `craw_store_gushi` VALUES ('24', '茅屋为秋风所破歌', 'http://so.gushiwen.org/view_10521.aspx', '八月秋高风怒号，卷我屋上三重茅。茅飞渡江洒江郊，高者挂罥长林梢，下者飘转沉塘坳。\n<br>南村群童欺我老无力，忍能对面为盗贼，公然抱茅入竹去。唇焦口燥呼不得，归来倚杖自叹息。\n<br>俄顷风定云墨色，秋天漠漠向昏黑。布衾多年冷似铁，娇儿恶卧踏里裂。床头屋漏无干处，雨脚如麻未断绝。自经丧乱少睡眠，长夜沾湿何由彻?\n<br>安得广厦千万间，大庇天下寒士俱欢颜，风雨不动安如山。呜呼！何时眼前突兀见此屋，吾庐独破受冻死亦足！(死亦足 一作：死意足）', '2', '2017-04-16 23:23:32', '2017-04-16 23:53:03', '朝代：唐代', '杜甫');
INSERT INTO `craw_store_gushi` VALUES ('25', '三峡', 'http://so.gushiwen.org/view_71142.aspx', '<p>　　自三峡七百里中，两岸连山，略无阙处。重岩叠嶂，隐天蔽日。自非亭午夜分，不见曦月。(阙 通：缺；重岩 一作：重峦)</p> \n<p>　　至于夏水襄陵，沿溯阻绝。或王命急宣，有时朝发白帝，暮到江陵，其间千二百里，虽乘奔御风，不以疾也。(溯 同：溯)</p> \n<p>　　春冬之时，则素湍绿潭，回清倒影。绝巘多生怪柏，悬泉瀑布，飞漱其间，清荣峻茂，良多趣味。(巘 写作：山献)</p> \n<p>　　每至晴初霜旦，林寒涧肃，常有高猿长啸，属引凄异，空谷传响，哀转久绝。故渔者歌曰：“巴东三峡巫峡长，猿鸣三声泪沾裳。”</p>', '2', '2017-04-16 23:23:32', '2017-04-16 23:53:03', '朝代：南北朝', '郦道元');
INSERT INTO `craw_store_gushi` VALUES ('26', '声声慢·寻寻觅觅', 'http://so.gushiwen.org/view_52821.aspx', '<p>寻寻觅觅，冷冷清清，凄凄惨惨戚戚。乍暖还寒时候，最难将息。三杯两盏淡酒，怎敌他、晚来风急？雁过也，正伤心，却是旧时相识。<br>满地黄花堆积。憔悴损，如今有谁堪摘？守着窗儿，独自怎生得黑？梧桐更兼细雨，到黄昏、点点滴滴。这次第，怎一个愁字了得！（守着窗儿 一作：守着窗儿）</p>', '2', '2017-04-16 23:23:32', '2017-04-16 23:53:03', '朝代：宋代', '李清照');
INSERT INTO `craw_store_gushi` VALUES ('27', '虞美人·春花秋月何时了', 'http://so.gushiwen.org/view_70838.aspx', '春花秋月何时了？往事知多少。小楼昨夜又东风，故国不堪回首月明中。\n<br>雕栏玉砌应犹在，只是朱颜改。问君能有几多愁？恰似一江春水向东流。(雕\n<strong>栏</strong> 通：阑)', '2', '2017-04-16 23:23:32', '2017-04-16 23:53:03', '朝代：五代', '李煜');
INSERT INTO `craw_store_gushi` VALUES ('28', '过零丁洋', 'http://so.gushiwen.org/view_69147.aspx', '辛苦遭逢起一经，干戈寥落四周星。\n<br>山河破碎风飘絮，身世浮沉雨打萍。\n<br>惶恐滩头说惶恐，零丁洋里叹零丁。\n<br>人生自古谁无死？留取丹心照汗青。', '2', '2017-04-16 23:23:33', '2017-04-16 23:53:03', '朝代：宋代', '文天祥');
INSERT INTO `craw_store_gushi` VALUES ('29', '白雪歌送武判官归京', 'http://so.gushiwen.org/view_9315.aspx', '北风卷地白草折，胡天八月即飞雪。\n<br>忽如一夜春风来，千树万树梨花开。\n<br>散入珠帘湿罗幕，狐裘不暖锦衾薄。\n<br>将军角弓不得控，都护铁衣冷难着。(难着 一作：犹著)\n<br>瀚海阑干百丈冰，愁云惨淡万里凝。\n<br>中军置酒饮归客，胡琴琵琶与羌笛。\n<br>纷纷暮雪下辕门，风掣红旗冻不翻。\n<br>轮台东门送君去，去时雪满天山路。\n<br>山回路转不见君，雪上空留马行处。', '2', '2017-04-16 23:23:33', '2017-04-16 23:53:04', '朝代：唐代', '岑参');
INSERT INTO `craw_store_gushi` VALUES ('30', '春江花月夜', 'http://so.gushiwen.org/view_5256.aspx', '春江潮水连海平，海上明月共潮生。\n<br>滟滟随波千万里，何处春江无月明!\n<br>江流宛转绕芳甸，月照花林皆似霰;\n<br>空里流霜不觉飞，汀上白沙看不见。\n<br>江天一色无纤尘，皎皎空中孤月轮。\n<br>江畔何人初见月？江月何年初照人？\n<br>人生代代无穷已，江月年年望相似。(望相似 一作：只相似)\n<br>不知江月待何人，但见长江送流水。\n<br>白云一片去悠悠，青枫浦上不胜愁。\n<br>谁家今夜扁舟子？何处相思明月楼？\n<br>可怜楼上月徘徊，应照离人妆镜台。\n<br>玉户帘中卷不去，捣衣砧上拂还来。\n<br>此时相望不相闻，愿逐月华流照君。\n<br>鸿雁长飞光不度，鱼龙潜跃水成文。\n<br>昨夜闲潭梦落花，可怜春半不还家。\n<br>江水流春去欲尽，江潭落月复西斜。\n<br>斜月沉沉藏海雾，碣石潇湘无限路。\n<br>不知乘月几人归，落月摇情满江树。(落月 一作：落花)', '2', '2017-04-16 23:23:33', '2017-04-16 23:53:04', '朝代：唐代', '张若虚');
INSERT INTO `craw_store_gushi` VALUES ('31', '青玉案·元夕', 'http://so.gushiwen.org/view_57601.aspx', '东风夜放花千树。更吹落、星如雨。宝马雕车香满路。凤箫声动，玉壶光转，一夜鱼龙舞。 \n<br>蛾儿雪柳黄金缕。笑语盈盈暗香去。众里寻他千百度。蓦然回首，那人却在，灯火阑珊处。', '2', '2017-04-16 23:23:33', '2017-04-16 23:53:04', '朝代：宋代', '辛弃疾');
INSERT INTO `craw_store_gushi` VALUES ('32', '芙蓉楼送辛渐', 'http://so.gushiwen.org/view_70843.aspx', '寒雨连江夜入吴，平明送客楚山孤。\n<br>洛阳亲友如相问，一片冰心在玉壶。', '2', '2017-04-16 23:23:33', '2017-04-16 23:53:04', '朝代：唐代', '王昌龄');
INSERT INTO `craw_store_gushi` VALUES ('33', '咏柳 / 柳枝词', 'http://so.gushiwen.org/view_5122.aspx', '碧玉妆成一树高，万条垂下绿丝绦。\n<br>不知细叶谁裁出，二月春风似剪刀。', '2', '2017-04-16 23:23:33', '2017-04-16 23:53:04', '朝代：唐代', '贺知章');
INSERT INTO `craw_store_gushi` VALUES ('34', '小池', 'http://so.gushiwen.org/view_70970.aspx', '泉眼无声惜细流，树阴照水爱晴柔。\n<br>小荷才露尖尖角，早有蜻蜓立上头。', '2', '2017-04-16 23:23:33', '2017-04-16 23:53:05', '朝代：宋代', '杨万里');
INSERT INTO `craw_store_gushi` VALUES ('35', '破阵子·为陈同甫赋壮词以寄之', 'http://so.gushiwen.org/view_57913.aspx', '醉里挑灯看剑，梦回吹角连营。八百里分麾下炙，五十弦翻塞外声。沙场秋点兵。\n<br>马作的卢飞快，弓如霹雳弦惊。了却君王天下事，赢得生前身后名。可怜白发生！', '2', '2017-04-16 23:23:33', '2017-04-16 23:53:05', '朝代：宋代', '辛弃疾');
INSERT INTO `craw_store_gushi` VALUES ('36', '与朱元思书', 'http://so.gushiwen.org/view_71147.aspx', '<p>　　风烟俱净，天山共色。从流飘荡，任意东西。自富阳至桐庐一百许里，奇山异水，天下独绝。</p> \n<p>　　水皆缥碧，千丈见底。游鱼细石，直视无碍。急湍甚箭，猛浪若奔。</p> \n<p>　　夹岸高山，皆生寒树，负势竞上，互相轩邈，争高直指，千百成峰。泉水激石，泠泠作响；好鸟相鸣，嘤嘤成韵。蝉则千转不穷，猿则百叫无绝。鸢飞戾天者，望峰息心；经纶世务者，窥谷忘反。横柯上蔽，在昼犹昏；疏条交映，有时见日。</p>', '2', '2017-04-16 23:23:33', '2017-04-16 23:53:05', '朝代：南北朝', '吴均');
INSERT INTO `craw_store_gushi` VALUES ('37', '钱塘湖春行', 'http://so.gushiwen.org/view_22550.aspx', '孤山寺北贾亭西，水面初平云脚低。\n<br>几处早莺争暖树，谁家新燕啄春泥。\n<br>乱花渐欲迷人眼，浅草才能没马蹄。\n<br>最爱湖东行不足，绿杨阴里白沙堤。', '2', '2017-04-16 23:23:33', '2017-04-16 23:53:05', '朝代：唐代', '白居易');
INSERT INTO `craw_store_gushi` VALUES ('38', '曹刿论战', 'http://so.gushiwen.org/view_71163.aspx', '<p>　　十年春，齐师伐我。公将战。曹刿请见。其乡人曰：“肉食者谋之，又何间焉？”刿曰：“肉食者鄙，未能远谋。”乃入见。问：“何以战？”公曰：“衣食所安，弗敢专也，必以分人。”对曰：“小惠未徧，民弗从也。”公曰：“牺牲玉帛，弗敢加也，必以信。”对曰：“小信未孚，神弗福也。”公曰：“小大之狱，虽不能察，必以情。”对曰：“忠之属也。可以一战。战则请从。”（徧 同：遍)</p> \n<p>　　公与之乘，战于长勺。公将鼓之。刿曰：“未可。”齐人三鼓。刿曰：“可矣。”齐师败绩。公将驰之。刿曰：“未可。”下视其辙，登轼而望之，曰：“可矣。”遂逐齐师。</p> \n<p>　　既克，公问其故。对曰：“夫战，勇气也。一鼓作气，再而衰，三而竭。彼竭我盈，故克之，夫大国，难测也，惧有伏焉。吾视其辙乱，望其旗靡，故逐之。”</p>', '2', '2017-04-16 23:23:33', '2017-04-16 23:53:06', '朝代：先秦', '左丘明');
INSERT INTO `craw_store_gushi` VALUES ('39', '步出夏门行·观沧海', 'http://so.gushiwen.org/view_48005.aspx', '<p>东临碣石，以观沧海。<br>水何澹澹，山岛竦峙。<br>树木丛生，百草丰茂。<br>秋风萧瑟，洪波涌起。<br>日月之行，若出其中；<br>星汉灿烂，若出其里。<br>幸甚至哉，歌以咏志。</p>', '2', '2017-04-16 23:23:33', '2017-04-16 23:53:06', '朝代：两汉', '曹操');
INSERT INTO `craw_store_gushi` VALUES ('40', '春夜喜雨', 'http://so.gushiwen.org/view_10968.aspx', '好雨知时节，当春乃发生。\n<br>随风潜入夜，润物细无声。\n<br>野径云俱黑，江船火独明。\n<br>晓看红湿处，花重锦官城。', '2', '2017-04-16 23:23:33', '2017-04-16 23:53:06', '朝代：唐代', '杜甫');
INSERT INTO `craw_store_gushi` VALUES ('41', '江城子·乙卯正月二十日夜记梦', 'http://so.gushiwen.org/view_49480.aspx', '十年生死两茫茫，不思量，自难忘。千里孤坟，无处话凄凉。纵使相逢应不识，尘满面，鬓如霜。\n<br>夜来幽梦忽还乡，小轩窗，正梳妆。相顾无言，惟有泪千行。料得年年肠断处，明月夜，短松冈。(肠断 一作：断肠)', '2', '2017-04-16 23:23:33', '2017-04-16 23:53:06', '朝代：宋代', '苏轼');
INSERT INTO `craw_store_gushi` VALUES ('42', '西江月·夜行黄沙道中', 'http://so.gushiwen.org/view_57678.aspx', '明月别枝惊鹊，清风半夜鸣蝉。稻花香里说丰年，听取蛙声一片。 \n<br>七八个星天外，两三点雨山前。旧时茅店社林边，路转溪桥忽见。(溪桥 一作：溪头)', '2', '2017-04-16 23:23:33', '2017-04-16 23:53:06', '朝代：宋代', '辛弃疾');
INSERT INTO `craw_store_gushi` VALUES ('43', '武陵春·春晚', 'http://so.gushiwen.org/view_52817.aspx', '风住尘香花已尽，日晚倦梳头。物是人非事事休，欲语泪先流。\n<br>闻说双溪春尚好，也拟泛轻舟。只恐双溪舴艋舟，载不动许多愁。', '2', '2017-04-16 23:23:34', '2017-04-16 23:53:07', '朝代：宋代', '李清照');
INSERT INTO `craw_store_gushi` VALUES ('44', '嫦娥', 'http://so.gushiwen.org/view_29084.aspx', '云母屏风烛影深，长河渐落晓星沉。\n<br>嫦娥应悔偷灵药，碧海青天夜夜心。', '2', '2017-04-16 23:23:34', '2017-04-16 23:53:07', '朝代：唐代', '李商隐');
INSERT INTO `craw_store_gushi` VALUES ('45', '梅花 / 梅', 'http://so.gushiwen.org/view_70927.aspx', '墙角数枝梅，凌寒独自开。\n<br>遥知不是雪，为有暗香来。', '2', '2017-04-16 23:23:34', '2017-04-16 23:53:07', '朝代：宋代', '王安石');
INSERT INTO `craw_store_gushi` VALUES ('46', '游子吟', 'http://so.gushiwen.org/view_19328.aspx', '慈母手中线，游子身上衣。\n<br>临行密密缝，意恐迟迟归。\n<br>谁言寸草心，报得三春晖。', '2', '2017-04-16 23:23:34', '2017-04-16 23:53:08', '朝代：唐代', '孟郊');
INSERT INTO `craw_store_gushi` VALUES ('47', '伤仲永', 'http://so.gushiwen.org/view_71130.aspx', '<p>　　金溪民方仲永，世隶耕。仲永生五年，未尝识书具，忽啼求之。父异焉，借旁近与之，即书诗四句，并自为其名。其诗以养父母、收族为意，传一乡秀才观之。自是指物作诗立就，其文理皆有可观者。邑人奇之，稍稍宾客其父，或以钱币乞之。父利其然也，日扳仲永环谒于邑人，不使学。</p> \n<p>　　余闻之也久。明道中，从先人还家，于舅家见之，十二三矣。令作诗，不能称前时之闻。又七年，还自扬州，复到舅家问焉。曰：“泯然众人矣。”</p> \n<p>　　王子曰：仲永之通悟，受之天也。其受之天也，贤于材人远矣。卒之为众人，则其受于人者不至也。彼其受之天也，如此其贤也，不受之人，且为众人；今夫不受之天，固众人，又不受之人，得为众人而已耶？</p>', '2', '2017-04-16 23:23:34', '2017-04-16 23:53:08', '朝代：宋代', '王安石');
INSERT INTO `craw_store_gushi` VALUES ('48', '游山西村', 'http://so.gushiwen.org/view_69127.aspx', '<p>莫笑农家腊酒浑，丰年留客足鸡豚。<br>山重水复疑无路，柳暗花明又一村。<br>箫鼓追随春社近，衣冠简朴古风存。<br>从今若许闲乘月，拄杖无时夜叩门。</p>', '2', '2017-04-16 23:23:34', '2017-04-16 23:53:08', '朝代：宋代', '陆游');
INSERT INTO `craw_store_gushi` VALUES ('49', '黄鹤楼送孟浩然之广陵', 'http://so.gushiwen.org/view_8086.aspx', '故人西辞黄鹤楼，烟花三月下扬州。\n<br>孤帆远影碧空尽，唯见长江天际流。 (唯 通：惟) \n<div style=\"TOP: 0px\" class=\"xhe-paste\"></div>', '2', '2017-04-16 23:23:34', '2017-04-16 23:53:08', '朝代：唐代', '李白');
INSERT INTO `craw_store_gushi` VALUES ('50', '滕王阁序', 'http://so.gushiwen.org/view_47909.aspx', '<p>　　豫章故郡，洪都新府。星分翼轸，地接衡庐。襟三江而带五湖，控蛮荆而引瓯越。物华天宝，龙光射牛斗之墟；人杰地灵，徐孺下陈蕃之榻。雄州雾列，俊采星驰。台隍枕夷夏之交，宾主尽东南之美。都督阎公之雅望，棨戟遥临；宇文新州之懿范，襜帷暂驻。十旬休假，胜友如云；千里逢迎，高朋满座。腾蛟起凤，孟学士之词宗；紫电青霜，王将军之武库。家君作宰，路出名区；童子何知，躬逢胜饯。(豫章故郡 一作：南昌故郡)</p> \n<p>　　时维九月，序属三秋。潦水尽而寒潭清，烟光凝而暮山紫。俨骖騑于上路，访风景于崇阿。临帝子之长洲，得仙人之旧馆。层峦耸翠，上出重霄；飞阁流丹，下临无地。鹤汀凫渚，穷岛屿之萦回；桂殿兰宫，即冈峦之体势。（层峦&nbsp; 一作：层台；即冈 一作：列冈；仙人 一作：天人；飞阁流丹 一作：飞阁翔丹）</p> \n<p>　　披绣闼，俯雕甍，山原旷其盈视，川泽纡其骇瞩。闾阎扑地，钟鸣鼎食之家；舸舰迷津，青雀黄龙之舳。云销雨霁，彩彻区明。落霞与孤鹜齐飞，秋水共长天一色。渔舟唱晚，响穷彭蠡之滨，雁阵惊寒，声断衡阳之浦。(轴 通：舳；迷津 一作：弥津；云销雨霁，彩彻区明 一作：虹销雨霁，彩彻云衢)</p> \n<p>　　遥襟甫畅，逸兴遄飞。爽籁发而清风生，纤歌凝而白云遏。睢园绿竹，气凌彭泽之樽；邺水朱华，光照临川之笔。四美具，二难并。穷睇眄于中天，极娱游于暇日。天高地迥，觉宇宙之无穷；兴尽悲来，识盈虚之有数。望长安于日下，目吴会于云间。地势极而南溟深，天柱高而北辰远。关山难越，谁悲失路之人；萍水相逢，尽是他乡之客。怀帝阍而不见，奉宣室以何年？(遥襟甫畅 一作：遥吟俯畅)</p> \n<p>　　嗟乎！时运不齐，命途多舛。冯唐易老，李广难封。屈贾谊于长沙，非无圣主；窜梁鸿于海曲，岂乏明时？所赖君子见机，达人知命。老当益壮，宁移白首之心？穷且益坚，不坠青云之志。酌贪泉而觉爽，处涸辙以犹欢。北海虽赊，扶摇可接；东隅已逝，桑榆非晚。孟尝高洁，空余报国之情；阮籍猖狂，岂效穷途之哭！(见机 一作：安贫)</p> \n<p>　　勃，三尺微命，一介书生。无路请缨，等终军之弱冠；有怀投笔，慕宗悫之长风。舍簪笏于百龄，奉晨昏于万里。非谢家之宝树，接孟氏之芳邻。他日趋庭，叨陪鲤对；今兹捧袂，喜托龙门。杨意不逢，抚凌云而自惜；钟期既遇，奏流水以何惭？</p> \n<p>　　呜乎！胜地不常，盛筵难再；兰亭已矣，梓泽丘墟。临别赠言，幸承恩于伟饯；登高作赋，是所望于群公。敢竭鄙怀，恭疏短引；一言均赋，四韵俱成。请洒潘江，各倾陆海云尔：<br>　　滕王高阁临江渚，佩玉鸣鸾罢歌舞。<br>　　画栋朝飞南浦云，珠帘暮卷西山雨。<br>　　闲云潭影日悠悠，物换星移几度秋。<br>　　阁中帝子今何在？槛外长江空自流。</p>', '2', '2017-04-16 23:23:34', '2017-04-16 23:53:08', '朝代：唐代', '王勃');
INSERT INTO `craw_store_gushi` VALUES ('51', '秋词', 'http://so.gushiwen.org/view_71200.aspx', '自古逢秋悲寂寥，我言秋日胜春朝。\n<br>晴空一鹤排云上，便引诗情到碧霄。', '2', '2017-04-16 23:23:34', '2017-04-16 23:53:08', '朝代：唐代', '刘禹锡');
INSERT INTO `craw_store_gushi` VALUES ('52', '渔家傲·秋思', 'http://so.gushiwen.org/view_48204.aspx', '塞下秋来风景异，衡阳雁去无留意。四面边声连角起，千嶂里，长烟落日孤城闭。\n<br>浊酒一杯家万里，燕然未勒归无计。羌管悠悠霜满地，人不寐，将军白发征夫泪。', '2', '2017-04-16 23:23:34', '2017-04-16 23:53:09', '朝代：宋代', '范仲淹');
INSERT INTO `craw_store_gushi` VALUES ('53', '江雪', 'http://so.gushiwen.org/view_18302.aspx', '千山鸟飞绝，万径人踪灭。\n<br>孤舟蓑笠翁，独钓寒江雪。', '2', '2017-04-16 23:23:34', '2017-04-16 23:53:09', '朝代：唐代', '柳宗元');
INSERT INTO `craw_store_gushi` VALUES ('54', '无题·相见时难别亦难', 'http://so.gushiwen.org/view_28698.aspx', '相见时难别亦难，东风无力百花残。\n<br>春蚕到死丝方尽，蜡炬成灰泪始干。\n<br>晓镜但愁云鬓改，夜吟应觉月光寒。\n<br>蓬山此去无多路，青鸟殷勤为探看。(蓬山 一作：蓬莱)', '2', '2017-04-16 23:23:34', '2017-04-16 23:53:09', '朝代：唐代', '李商隐');
INSERT INTO `craw_store_gushi` VALUES ('55', '绝句', 'http://so.gushiwen.org/view_71194.aspx', '两个黄鹂鸣翠柳，一行白鹭上青天。\n<br>窗含西岭千秋雪，门泊东吴万里船。', '2', '2017-04-16 23:23:34', '2017-04-16 23:53:09', '朝代：唐代', '杜甫');
INSERT INTO `craw_store_gushi` VALUES ('56', '望岳', 'http://so.gushiwen.org/view_10374.aspx', '岱宗夫如何？齐鲁青未了。\n<br>造化钟神秀，阴阳割昏晓。\n<br>荡胸生曾云，决眦入归鸟。( 曾 通：层)\n<br>会当凌绝顶，一览众山小。', '2', '2017-04-16 23:23:34', '2017-04-16 23:53:10', '朝代：唐代', '杜甫');
INSERT INTO `craw_store_gushi` VALUES ('57', '山居秋暝', 'http://so.gushiwen.org/view_5636.aspx', '空山新雨后，天气晚来秋。\n<br>明月松间照，清泉石上流。\n<br>竹喧归浣女，莲动下渔舟。\n<br>随意春芳歇，王孙自可留。', '2', '2017-04-16 23:23:34', '2017-04-16 23:53:10', '朝代：唐代', '王维');
INSERT INTO `craw_store_gushi` VALUES ('58', '秋夕', 'http://so.gushiwen.org/view_27845.aspx', '<p>银烛秋光冷画屏，轻罗小扇扑流萤。<br>天阶夜色凉如水，卧看牵牛织女星。<br>(天阶 一作：天街；卧看 一作：坐看)</p>', '2', '2017-04-16 23:23:34', '2017-04-16 23:53:10', '朝代：唐代', '杜牧');
INSERT INTO `craw_store_gushi` VALUES ('59', '沁园春·长沙', 'http://so.gushiwen.org/view_71206.aspx', '独立寒秋，湘江北去，橘子洲头。\n<br>看万山红遍，层林尽染；漫江碧透，百舸争流。\n<br>鹰击长空，鱼翔浅底，万类霜天竞自由。\n<br>怅寥廓，问苍茫大地，谁主沉浮？\n<br>携来百侣曾游，忆往昔峥嵘岁月稠。\n<br>恰同学少年，风华正茂；书生意气，挥斥方遒。\n<br>指点江山，激扬文字，粪土当年万户侯。 \n<br>曾记否，到中流击水，浪遏飞舟？', '2', '2017-04-16 23:23:34', '2017-04-16 23:53:10', '朝代：现代', '');
INSERT INTO `craw_store_gushi` VALUES ('60', '行路难·其一', 'http://so.gushiwen.org/view_70874.aspx', '<p>金樽清酒斗十千，玉盘珍羞直万钱。(羞 通：馐；直 通：值)<br>停杯投箸不能食，拔剑四顾心茫然。<br>欲渡黄河冰塞川，将登太行雪满山。(雪满山 一作：雪暗天)<br>闲来垂钓碧溪上，忽复乘舟梦日边。(碧 一作：坐)<br>行路难！行路难！多歧路，今安在？<br>长风破浪会有时，直挂云帆济沧海。</p>', '2', '2017-04-16 23:23:35', '2017-04-16 23:53:10', '朝代：唐代', '李白');
INSERT INTO `craw_store_gushi` VALUES ('61', '望庐山瀑布', 'http://so.gushiwen.org/view_71193.aspx', '日照香炉生紫烟，遥看瀑布挂前川。\n<br>飞流直下三千尺，疑是银河落九天。', '2', '2017-04-16 23:23:35', '2017-04-16 23:53:11', '朝代：唐代', '李白');
INSERT INTO `craw_store_gushi` VALUES ('62', '浣溪沙·游蕲水清泉寺', 'http://so.gushiwen.org/view_49573.aspx', '<p><span style=\"font-family:KaiTi_GB2312;\">游蕲水清泉寺，寺临兰溪，溪水西流。</span></p> \n<p>山下兰芽短浸溪，松间沙路净无泥，潇潇暮雨子规啼。(潇潇 一作：萧萧)<br>谁道人生无再少？门前流水尚能西！休将白发唱黄鸡。</p>', '2', '2017-04-16 23:23:35', '2017-04-16 23:53:11', '朝代：宋代', '苏轼');
INSERT INTO `craw_store_gushi` VALUES ('63', '雨霖铃·寒蝉凄切', 'http://so.gushiwen.org/view_48248.aspx', '寒蝉凄切，对长亭晚，骤雨初歇。都门帐饮无绪，留恋处，兰舟催发。执手相看泪眼，竟无语凝噎。念去去，千里烟波，暮霭沉沉楚天阔。\n<br>多情自古伤离别，更那堪，冷落清秋节！今宵酒醒何处？杨柳岸，晓风残月。此去经年，应是良辰好景虚设。便纵有千种风情，更与何人说？(好景 一作：美景)', '2', '2017-04-16 23:23:35', '2017-04-16 23:53:11', '朝代：宋代', '柳永');
INSERT INTO `craw_store_gushi` VALUES ('64', '浣溪沙·一曲新词酒一杯', 'http://so.gushiwen.org/view_48592.aspx', '一曲新词酒一杯，去年天气旧亭台。夕阳西下几时回？\n<br>无可奈何花落去，似曾相识燕归来。小园香径独徘徊。', '2', '2017-04-16 23:23:35', '2017-04-16 23:53:11', '朝代：宋代', '晏殊');
INSERT INTO `craw_store_gushi` VALUES ('65', '江城子·密州出猎', 'http://so.gushiwen.org/view_49475.aspx', '<p>老夫聊发少年狂，左牵黄，右擎苍，锦帽貂裘，千骑卷平冈。为报倾城随太守，亲射虎，看孙郎。<br>酒酣胸胆尚开张，鬓微霜，又何妨！持节云中，何日遣冯唐？会挽雕弓如满月，西北望，射天狼。</p>', '2', '2017-04-16 23:23:35', '2017-04-16 23:53:12', '朝代：宋代', '苏轼');
INSERT INTO `craw_store_gushi` VALUES ('66', '使至塞上', 'http://so.gushiwen.org/view_5653.aspx', '单车欲问边，属国过居延。\n<br>征蓬出汉塞，归雁入胡天。\n<br>大漠孤烟直，长河落日圆。\n<br>萧关逢候骑，都护在燕然。', '2', '2017-04-16 23:23:35', '2017-04-16 23:53:12', '朝代：唐代', '王维');
INSERT INTO `craw_store_gushi` VALUES ('67', '生于忧患，死于安乐', 'http://so.gushiwen.org/view_71159.aspx', '<p>　　舜发于畎亩之中，傅说举于版筑之间，胶鬲举于鱼盐之中，管夷吾举于士，孙叔敖举于海，百里奚举于市。</p> \n<p>　　故天将降大任于是人也，必先苦其心志，劳其筋骨，饿其体肤，空乏其身，行拂乱其所为，所以动心忍性，曾益其所不能。(是人 一作：斯人)</p> \n<p>　　人恒过，然后能改；困于心，衡于虑，而后作；征于色，发于声，而后喻。入则无法家拂士，出则无敌国外患者，国恒亡。</p> \n<p>　　然后知生于忧患而死于安乐也。</p>', '2', '2017-04-16 23:23:35', '2017-04-16 23:53:12', '朝代：先秦', '');
INSERT INTO `craw_store_gushi` VALUES ('68', '过故人庄', 'http://so.gushiwen.org/view_7411.aspx', '故人具鸡黍，邀我至田家。\n<br>绿树村边合，青山郭外斜。\n<br>开轩面场圃，把酒话桑麻。\n<br>待到重阳日，还来就菊花。', '2', '2017-04-16 23:23:35', '2017-04-16 23:53:12', '朝代：唐代', '孟浩然');
INSERT INTO `craw_store_gushi` VALUES ('69', '短歌行', 'http://so.gushiwen.org/view_48003.aspx', '对酒当歌，人生几何！譬如朝露，去日苦多。\n<br>慨当以慷，忧思难忘。何以解忧？唯有杜康。\n<br>青青子衿，悠悠我心。但为君故，沉吟至今。\n<br>呦呦鹿鸣，食野之苹。我有嘉宾，鼓瑟吹笙。\n<br>明明如月，何时可掇？忧从中来，不可断绝。\n<br>越陌度阡，枉用相存。契阔谈讌，心念旧恩。(谈讌 一作：谈宴)\n<br>月明星稀，乌鹊南飞。绕树三匝，何枝可依？\n<br>山不厌高，海不厌深。周公吐哺，天下归心。(海 一作：水)', '2', '2017-04-16 23:23:35', '2017-04-16 23:53:12', '朝代：两汉', '曹操');
INSERT INTO `craw_store_gushi` VALUES ('70', '孙权劝学', 'http://so.gushiwen.org/view_71132.aspx', '<p>　　初，权谓吕蒙曰：“卿今当涂掌事，不可不学！”蒙辞以军中多务。权曰：“孤岂欲卿治经为博士邪?但当涉猎，见往事耳。卿言多务，孰若孤？孤常读书，自以为大有所益。”蒙乃始就学。及鲁肃过寻阳，与蒙论议，大惊曰：“卿今者才略，非复吴下阿蒙！”蒙曰：“士别三日，即更刮目相待，大兄何见事之晚乎！”肃遂拜蒙母，结友而别。</p>', '2', '2017-04-16 23:23:35', '2017-04-16 23:53:12', '朝代：宋代', '');
INSERT INTO `craw_store_gushi` VALUES ('71', '九月九日忆山东兄弟', 'http://so.gushiwen.org/view_5780.aspx', '独在异乡为异客，每逢佳节倍思亲。\n<br>遥知兄弟登高处，遍插茱萸少一人。', '2', '2017-04-16 23:23:35', '2017-04-16 23:57:02', '朝代：唐代', '王维');
INSERT INTO `craw_store_gushi` VALUES ('72', '五柳先生传', 'http://so.gushiwen.org/view_71148.aspx', '<p>　　先生不知何许人也，亦不详其姓字，宅边有五柳树，因以为号焉。闲静少言，不慕荣利。好读书，不求甚解；每有会意，便欣然忘食。性嗜酒，家贫不能常得。亲旧知其如此，或置酒而招之；造饮辄尽，期在必醉。既醉而退，曾不吝情去留。环堵萧然，不蔽风日；短褐穿结，箪瓢屡空，晏如也。常著文章自娱，颇示己志。忘怀得失，以此自终。</p> \n<p>　　赞曰：黔娄之妻有言：“不戚戚于贫贱，不汲汲于富贵。”其言兹若人之俦乎？衔觞赋诗，以乐其志，无怀氏之民欤？葛天氏之民欤？</p>', '2', '2017-04-16 23:23:35', '2017-04-16 23:57:02', '朝代：魏晋', '陶渊明');
INSERT INTO `craw_store_gushi` VALUES ('73', '前出师表', 'http://so.gushiwen.org/view_71156.aspx', '<p>　　先帝创业未半而中道崩殂，今天下三分，益州疲弊，此诚危急存亡之秋也。然侍卫之臣不懈于内，忠志之士忘身于外者，盖追先帝之殊遇，欲报之于陛下也。诚宜开张圣听，以光先帝遗德，恢弘志士之气，不宜妄自菲薄，引喻失义，以塞忠谏之路也。</p> \n<p>　　宫中府中，俱为一体；陟罚臧否，不宜异同。若有作奸犯科及为忠善者，宜付有司论其刑赏，以昭陛下平明之理；不宜偏私，使内外异法也。</p> \n<p>　　侍中、侍郎郭攸之、费祎、董允等，此皆良实，志虑忠纯，是以先帝简拔以遗陛下：愚以为宫中之事，事无大小，悉以咨之，然后施行，必能裨补阙漏，有所广益。</p> \n<p>　　将军向宠，性行淑均，晓畅军事，试用于昔日，先帝称之曰“能”，是以众议举宠为督：愚以为营中之事，悉以咨之，必能使行阵和睦，优劣得所。</p> \n<p>　　亲贤臣，远小人，此先汉所以兴隆也；亲小人，远贤臣，此后汉所以倾颓也。先帝在时，每与臣论此事，未尝不叹息痛恨于桓、灵也。侍中、尚书、长史、参军，此悉贞良死节之臣，愿陛下亲之、信之，则汉室之隆，可计日而待也。</p> \n<p>　　臣本布衣，躬耕于南阳，苟全性命于乱世，不求闻达于诸侯。先帝不以臣卑鄙，猥自枉屈，三顾臣于草庐之中，咨臣以当世之事，由是感激，遂许先帝以驱驰。后值倾覆，受任于败军之际，奉命于危难之间：尔来二十有一年矣。</p> \n<p>　　先帝知臣谨慎，故临崩寄臣以大事也。受命以来，夙夜忧叹，恐托付不效，以伤先帝之明；故五月渡泸，深入不毛。今南方已定，兵甲已足，当奖率三军，北定中原，庶竭驽钝，攘除奸凶，兴复汉室，还于旧都。此臣所以报先帝而忠陛下之职分也。至于斟酌损益，进尽忠言，则攸之、祎、允之任也。</p> \n<p>　　愿陛下托臣以讨贼兴复之效，不效，则治臣之罪，以告先帝之灵。若无兴德之言，则责攸之、祎、允等之慢，以彰其咎；陛下亦宜自谋，以咨诹善道，察纳雅言，深追先帝遗诏。臣不胜受恩感激。</p> \n<p>　　今当远离，临表涕零，不知所言。</p>', '2', '2017-04-16 23:23:35', '2017-04-16 23:57:02', '朝代：两汉', '诸葛亮');
INSERT INTO `craw_store_gushi` VALUES ('74', '鱼我所欲也', 'http://so.gushiwen.org/view_71160.aspx', '<p>　　鱼，我所欲也；熊掌，亦我所欲也，二者不可得兼，舍鱼而取熊掌者也。生，亦我所欲也；义，亦我所欲也。二者不可得兼，舍生而取义者也。生亦我所欲，所欲有甚于生者，故不为苟得也。死亦我所恶，所恶有甚于死者，故患有所不辟也。如使人之所欲莫甚于生，则凡可以得生者何不用也。使人之所恶莫甚于死者，则凡可以辟患者何不为也！由是则生而有不用也；由是则可以辟患而有不为也。是故所欲有甚于生者，所恶有甚于死者。非独贤者有是心也，人皆有之，贤者能勿丧耳。</p> \n<p>　　一箪食，一豆羹，得之则生，弗得则死。呼尔而与之，行道之人弗受；蹴尔而与之，乞人不屑也。</p> \n<p>　　万钟则不辩礼义而受之，万钟于我何加焉！为宫室之美，妻妾之奉，所识穷乏者得我与？乡为身死而不受，今为宫室之美为之；乡为身死而不受，今为妻妾之奉为之；乡为身死而不受，今为所识穷乏者得我而为之：是亦不可以已乎？此之谓失其本心。</p> \n<p>　　(欤 通 与；乡 通 向；辟 通 避)</p>', '2', '2017-04-16 23:23:36', '2017-04-16 23:57:03', '朝代：先秦', '');
INSERT INTO `craw_store_gushi` VALUES ('75', '晓出净慈寺送林子方', 'http://so.gushiwen.org/view_70971.aspx', '毕竟西湖六月中，风光不与四时同。\n<br>接天莲叶无穷碧，映日荷花别样红。', '2', '2017-04-16 23:23:36', '2017-04-16 23:57:03', '朝代：宋代', '杨万里');
INSERT INTO `craw_store_gushi` VALUES ('76', '如梦令·常记溪亭日暮', 'http://so.gushiwen.org/view_52793.aspx', '常记溪亭日暮，沉醉不知归路。\n<br>兴尽晚回舟，误入藕花深处。\n<br>争渡，争渡，惊起一滩鸥鹭。', '2', '2017-04-16 23:23:36', '2017-04-16 23:57:03', '朝代：宋代', '李清照');
INSERT INTO `craw_store_gushi` VALUES ('77', '湖心亭看雪', 'http://so.gushiwen.org/view_71146.aspx', '<p>　　崇祯五年十二月，余住西湖。大雪三日，湖中人鸟声俱绝。是日更定矣，余拏一小舟，拥毳衣炉火，独往湖心亭看雪。雾凇沆砀，天与云与山与水，上下一白。湖上影子，惟长堤一痕、湖心亭一点、与余舟一芥、舟中人两三粒而已。(余拏 一作：余挐)</p> \n<p>　　到亭上，有两人铺毡对坐，一童子烧酒炉正沸。见余，大喜曰：“湖中焉得更有此人！”拉余同饮。余强饮三大白而别。问其姓氏，是金陵人，客此。及下船，舟子喃喃曰：“莫说相公痴，更有痴似相公者！”</p>', '2', '2017-04-16 23:23:36', '2017-04-16 23:57:03', '朝代：明代', '张岱');
INSERT INTO `craw_store_gushi` VALUES ('78', '七步诗', 'http://so.gushiwen.org/view_70888.aspx', '<p>煮豆燃豆萁，豆在釜中泣。<br>本是同根生，相煎何太急？（版本一）</p> \n<p>煮豆持作羹，漉菽以为汁。<br>萁在釜下燃，豆在釜中泣。<br>本自同根生，相煎何太急？（版本二）</p>', '2', '2017-04-16 23:23:36', '2017-04-16 23:57:04', '朝代：两汉', '曹植');
INSERT INTO `craw_store_gushi` VALUES ('79', '题西林壁', 'http://so.gushiwen.org/view_69101.aspx', '<p>横看成岭侧成峰，远近高低各不同。<br>不识庐山真面目，只缘身在此山中。</p>', '2', '2017-04-16 23:23:36', '2017-04-16 23:57:04', '朝代：宋代', '苏轼');
INSERT INTO `craw_store_gushi` VALUES ('80', '口技', 'http://so.gushiwen.org/view_71133.aspx', '<p>　　京中有善口技者。会宾客大宴，于厅事之东北角，施八尺屏障，口技人坐屏障中，一桌、一椅、一扇、一抚尺而已。众宾团坐。少顷，但闻屏障中抚尺一下，满坐寂然，无敢哗者。</p> \n<p>　　遥闻深巷中犬吠，便有妇人惊觉欠伸，其夫呓语。既而儿醒，大啼。夫亦醒。妇抚儿乳，儿含乳啼，妇拍而呜之。又一大儿醒，絮絮不止。当是时，妇手拍儿声，口中呜声，儿含乳啼声，大儿初醒声，夫叱大儿声，一时齐发，众妙毕备。满坐宾客无不伸颈，侧目，微笑，默叹，以为妙绝。</p> \n<p>　　未几，夫齁声起，妇拍儿亦渐拍渐止。微闻有鼠作作索索，盆器倾侧，妇梦中咳嗽。宾客意少舒，稍稍正坐。</p> \n<p>　　忽一人大呼：“火起”，夫起大呼，妇亦起大呼。两儿齐哭。俄而百千人大呼，百千儿哭，百千犬吠。中间力拉崩倒之声，火爆声，呼呼风声，百千齐作；又夹百千求救声，曳屋许许声，抢夺声，泼水声。凡所应有，无所不有。虽人有百手，手有百指，不能指其一端；人有百口，口有百舌，不能名其一处也。于是宾客无不变色离席，奋袖出臂，两股战战，几欲先走。</p> \n<p>　　忽然抚尺一下，群响毕绝。撤屏视之，一人、一桌、一椅、一扇、一抚尺而已。</p>', '2', '2017-04-16 23:23:36', '2017-04-16 23:57:04', '朝代：清代', '林嗣环');
INSERT INTO `craw_store_gushi` VALUES ('81', '泊船瓜洲', 'http://so.gushiwen.org/view_69089.aspx', '<p>京口瓜洲一水间，钟山只隔数重山。<br>春风又绿江南岸，明月何时照我还？</p>', '2', '2017-04-16 23:23:36', '2017-04-16 23:57:04', '朝代：宋代', '王安石');
INSERT INTO `craw_store_gushi` VALUES ('82', '龟虽寿 / 神龟虽寿', 'http://so.gushiwen.org/view_48006.aspx', '<p>神龟虽寿，犹有竟时。<br>腾蛇乘雾，终为土灰。(腾 一作：螣)<br>老骥伏枥，志在千里。<br>烈士暮年，壮心不已。<br>盈缩之期，不但在天；<br>养怡之福，可得永年。<br>幸甚至哉，歌以咏志。</p>', '2', '2017-04-16 23:23:36', '2017-04-16 23:57:04', '朝代：两汉', '曹操');
INSERT INTO `craw_store_gushi` VALUES ('83', '夜雨寄北', 'http://so.gushiwen.org/view_28607.aspx', '君问归期未有期，巴山夜雨涨秋池。 \n<br>何当共剪西窗烛，却话巴山夜雨时。', '2', '2017-04-16 23:23:36', '2017-04-16 23:57:05', '朝代：唐代', '李商隐');
INSERT INTO `craw_store_gushi` VALUES ('84', '清平乐·村居', 'http://so.gushiwen.org/view_57611.aspx', '<p>茅檐低小，溪上青青草。<br>醉里吴音相媚好，白发谁家翁媪？<br>大儿锄豆溪东，中儿正织鸡笼。<br>最喜小儿亡赖，溪头卧剥莲蓬。(亡 通：无)</p>', '2', '2017-04-16 23:23:36', '2017-04-16 23:57:05', '朝代：宋代', '辛弃疾');
INSERT INTO `craw_store_gushi` VALUES ('85', '示儿', 'http://so.gushiwen.org/view_69134.aspx', '<p>死去元知万事空，但悲不见九州同。<br>王师北定中原日，家祭无忘告乃翁。</p>', '2', '2017-04-16 23:23:37', '2017-04-16 23:57:08', '朝代：宋代', '陆游');
INSERT INTO `craw_store_gushi` VALUES ('86', '次北固山下', 'http://so.gushiwen.org/view_5207.aspx', '客路青山外，行舟绿水前。(青山外 一作：青山下)\n<br>潮平两岸阔，风正一帆悬。\n<br>海日生残夜，江春入旧年。\n<br>乡书何处达？归雁洛阳边。', '2', '2017-04-16 23:23:37', '2017-04-16 23:57:08', '朝代：唐代', '王湾');
INSERT INTO `craw_store_gushi` VALUES ('87', '记承天寺夜游 / 记承天夜游', 'http://so.gushiwen.org/view_71144.aspx', '元丰六年十月十二日夜，解衣欲睡，月色入户，欣然起行。念无与为乐者，遂至承天寺寻张怀民。怀民亦未寝，相与步于中庭。\n<br>庭下如积水空明，水中藻荇交横，盖竹柏影也。何夜无月？何处无竹柏？但少闲人如吾两人者耳。', '2', '2017-04-16 23:23:37', '2017-04-16 23:57:12', '朝代：宋代', '苏轼');
INSERT INTO `craw_store_gushi` VALUES ('88', '己亥杂诗·其五', 'http://so.gushiwen.org/view_71045.aspx', '浩荡离愁白日斜，吟鞭东指即天涯。\n<br>落红不是无情物，化作春泥更护花。', '2', '2017-04-16 23:23:37', '2017-04-16 23:57:12', '朝代：清代', '龚自珍');
INSERT INTO `craw_store_gushi` VALUES ('89', '天净沙·秋', 'http://so.gushiwen.org/view_71197.aspx', '孤村落日残霞，轻烟老树寒鸦，一点飞鸿影下。青山绿水，白草红叶黄花。', '2', '2017-04-16 23:23:37', '2017-04-16 23:57:12', '朝代：元代', '白朴');
INSERT INTO `craw_store_gushi` VALUES ('90', '山中', 'http://so.gushiwen.org/view_71237.aspx', '荆溪白石出，天寒红叶稀。\n<br>山路元无雨，空翠湿人衣。', '2', '2017-04-16 23:23:37', '2017-04-16 23:57:12', '朝代：唐代', '王维');
INSERT INTO `craw_store_gushi` VALUES ('91', '闻官军收河南河北', 'http://so.gushiwen.org/view_11064.aspx', '剑外忽传收蓟北，初闻涕泪满衣裳。\n<br>却看妻子愁何在，漫卷诗书喜欲狂。\n<br>白日放歌须纵酒，青春作伴好还乡。\n<br>即从巴峡穿巫峡，便下襄阳向洛阳。', '2', '2017-04-16 23:23:37', '2017-04-16 23:57:13', '朝代：唐代', '杜甫');
INSERT INTO `craw_store_gushi` VALUES ('92', '凉州词二首·其一', 'http://so.gushiwen.org/view_70844.aspx', '葡萄美酒夜光杯，欲饮琵琶马上催。\n<br>醉卧沙场君莫笑，古来征战几人回？', '2', '2017-04-16 23:23:37', '2017-04-16 23:57:13', '朝代：唐代', '王翰');
INSERT INTO `craw_store_gushi` VALUES ('93', '饮湖上初晴后雨二首·其二', 'http://so.gushiwen.org/view_70938.aspx', '水光潋滟晴方好，山色空蒙雨亦奇。(蒙 通：濛)\n<br>欲把西湖比西子，淡妆浓抹总相宜。(淡妆浓抹 一作：浓妆淡抹)', '2', '2017-04-16 23:23:37', '2017-04-16 23:57:16', '朝代：宋代', '苏轼');
INSERT INTO `craw_store_gushi` VALUES ('94', '赠汪伦', 'http://so.gushiwen.org/view_8014.aspx', '<p>李白乘舟将欲行，忽闻岸上踏歌声。<br>桃花潭水深千尺，不及汪伦送我情。&nbsp;</p>', '2', '2017-04-16 23:23:37', '2017-04-16 23:57:16', '朝代：唐代', '李白');
INSERT INTO `craw_store_gushi` VALUES ('95', '一剪梅·红藕香残玉簟秋', 'http://so.gushiwen.org/view_52802.aspx', '红藕香残玉簟秋。轻解罗裳，独上兰舟。云中谁寄锦书来，雁字回时，月满西楼。\n<br>花自飘零水自流。一种相思，两处闲愁。此情无计可消除，才下眉头，却上心头。', '2', '2017-04-16 23:23:37', '2017-04-16 23:57:16', '朝代：宋代', '李清照');
INSERT INTO `craw_store_gushi` VALUES ('96', '长歌行', 'http://so.gushiwen.org/view_70886.aspx', '青青园中葵，朝露待日晞。\n<br>阳春布德泽，万物生光辉。\n<br>常恐秋节至，焜黄华叶衰。\n<br>百川东到海，何时复西归？\n<br>少壮不努力，老大徒伤悲！', '2', '2017-04-16 23:23:37', '2017-04-16 23:57:17', '朝代：两汉', '');
INSERT INTO `craw_store_gushi` VALUES ('97', '月夜 / 夜月', 'http://so.gushiwen.org/view_12998.aspx', '更深月色半人家，北斗阑干南斗斜。 \n<br>今夜偏知春气暖，虫声新透绿窗纱。', '2', '2017-04-16 23:23:37', '2017-04-16 23:57:17', '朝代：唐代', '刘方平');
INSERT INTO `craw_store_gushi` VALUES ('98', '春雪', 'http://so.gushiwen.org/view_17856.aspx', '新年都未有芳华，二月初惊见草芽。 \n<br>白雪却嫌春色晚，故穿庭树作飞花。', '2', '2017-04-16 23:23:37', '2017-04-16 23:57:17', '朝代：唐代', '韩愈');
INSERT INTO `craw_store_gushi` VALUES ('99', '核舟记', 'http://so.gushiwen.org/view_71140.aspx', '<p>　　明有奇巧人曰王叔远，能以径寸之木，为宫室、器皿 、人物，以至鸟兽、木石，罔不因势象形，各具情态。尝贻余核舟一，盖大苏泛赤壁云。</p> \n<p>　　舟首尾长约八分有奇，高可二黍许。中轩敞者为舱，箬篷覆之。旁开小窗，左右各四，共八扇。启窗而观，雕栏相望焉。闭之，则右刻“山高月小，水落石出”，左刻“清风徐来，水波不兴”，石青糁之。(箬篷 一作：篛篷)</p> \n<p>　　船头坐三人，中峨冠而多髯者为东坡，佛印居右，鲁直居左。苏、黄共阅一手卷。东坡右手执卷端，左手抚鲁直背。鲁直左手执卷末，右手指卷，如有所语。东坡现右足，鲁直现左足，各微侧，其两膝相比者，各隐卷底衣褶中。佛印绝类弥勒，袒胸露乳，矫首昂视，神情与苏、黄不属。卧右膝，诎右臂支船，而竖其左膝，左臂挂念珠倚之——珠可历历数也。</p> \n<p>　　舟尾横卧一楫。楫左右舟子各一人。居右者椎髻仰面，左手倚一衡木，右手攀右趾，若啸呼状。居左者右手执蒲葵扇，左手抚炉，炉上有壶，其人视端容寂，若听茶声然。</p> \n<p>　　其船背稍夷，则题名其上，文曰“天启壬戌秋日，虞山王毅叔远甫刻”，细若蚊足，钩画了了，其色墨。又用篆章一，文曰“初平山人”，其色丹。</p> \n<p>　　通计一舟，为人五；为窗八；为箬篷，为楫，为炉，为壶，为手卷，为念珠各一；对联、题名并篆文，为字共三十有四；而计其长曾不盈寸。盖简桃核修狭者为之。嘻，技亦灵怪矣哉！</p>', '2', '2017-04-16 23:23:37', '2017-04-16 23:57:17', '朝代：明代', '魏学洢');
INSERT INTO `craw_store_gushi` VALUES ('100', '墨梅', 'http://so.gushiwen.org/view_69175.aspx', '<p>吾家洗砚池头树，个个花开淡墨痕。<br>不要人夸颜色好，只流清气满乾坤。(版本一)</p> \n<p>我家洗砚池边树，朵朵花开淡墨痕。<br>不要人夸好颜色，只留清气满乾坤。(版本二)</p>', '2', '2017-04-16 23:23:37', '2017-04-16 23:57:17', '朝代：元代', '王冕');
INSERT INTO `craw_store_gushi` VALUES ('101', '送友人', 'http://so.gushiwen.org/view_8156.aspx', '青山横北郭，白水绕东城。\n<br>此地一为别，孤蓬万里征。\n<br>浮云游子意，落日故人情。\n<br>挥手自兹去，萧萧班马鸣。', '2', '2017-04-16 23:23:38', '2017-04-16 23:57:18', '朝代：唐代', '李白');
INSERT INTO `craw_store_gushi` VALUES ('102', '邹忌讽齐王纳谏', 'http://so.gushiwen.org/view_71164.aspx', '<p>　　邹忌修八尺有余，而形貌昳丽。朝服衣冠，窥镜，谓其妻曰：“我孰与城北徐公美？”其妻曰：“君美甚，徐公何能及君也！”城北徐公，齐国之美丽者也。忌不自信，而复问其妾曰：“吾孰与徐公美？”妾曰：“徐公何能及君也！”旦日，客从外来，与坐谈，问之客曰：“吾与徐公孰美？”客曰：“徐公不若君之美也。”明日徐公来，孰视之，自以为不如；窥镜而自视，又弗如远甚。暮寝而思之，曰：“吾妻之美我者，私我也；妾之美我者，畏我也；客之美我者，欲有求于我也。”</p> \n<p>　　于是入朝见威王，曰：“臣诚知不如徐公美。臣之妻私臣，臣之妾畏臣，臣之客欲有求于臣，皆以美于徐公。今齐地方千里，百二十城，宫妇左右莫不私王，朝廷之臣莫不畏王，四境之内莫不有求于王：由此观之，王之蔽甚矣。”</p> \n<p>　　王曰：“善。”乃下令：“群臣吏民能面刺寡人之过者，受上赏；上书谏寡人者，受中赏；能谤讥于市朝，闻寡人之耳者，受下赏。”令初下，群臣进谏，门庭若市；数月之后，时时而间进；期年之后，虽欲言，无可进者。燕、赵、韩、魏闻之，皆朝于齐.此所谓战胜于朝廷。(谤讥 一作：谤议)</p>', '2', '2017-04-16 23:23:38', '2017-04-16 23:57:18', '朝代：两汉', '');
INSERT INTO `craw_store_gushi` VALUES ('103', '答谢中书书', 'http://so.gushiwen.org/view_71143.aspx', '　　山川之美，古来共谈。高峰入云，清流见底。两岸石壁，五色交辉。青林翠竹，四时俱备。晓雾将歇，猿鸟乱鸣；夕日欲颓，沉鳞竞跃。实是欲界之仙都。自康乐以来，未复有能与其奇者。(夕\n<strong>日</strong>&nbsp; 一作：阳)', '2', '2017-04-16 23:23:38', '2017-04-16 23:57:18', '朝代：南北朝', '陶弘景');
INSERT INTO `craw_store_gushi` VALUES ('104', '秋思', 'http://so.gushiwen.org/view_20130.aspx', '洛阳城里见秋风，欲作家书意万重。\n<br>复恐匆匆说不尽，行人临发又开封。', '2', '2017-04-16 23:23:38', '2017-04-16 23:57:18', '朝代：唐代', '张籍');
INSERT INTO `craw_store_gushi` VALUES ('105', '送杜少府之任蜀州 / 送杜少府之任蜀川', 'http://so.gushiwen.org/view_3175.aspx', '城阙辅三秦，风烟望五津。\n<br>与君离别意，同是宦游人。\n<br>海内存知己，天涯若比邻。\n<br>无为在歧路，儿女共沾巾。', '2', '2017-04-16 23:23:38', '2017-04-16 23:57:19', '朝代：唐代', '王勃');
INSERT INTO `craw_store_gushi` VALUES ('106', '闻王昌龄左迁龙标遥有此寄', 'http://so.gushiwen.org/view_8027.aspx', '杨花落尽子规啼，闻道龙标过五溪。\n<br>我寄愁心与明月，随风直到夜郎西。(随风 一作：随君)', '2', '2017-04-16 23:23:38', '2017-04-16 23:57:19', '朝代：唐代', '李白');
INSERT INTO `craw_store_gushi` VALUES ('107', '木兰词·拟古决绝词柬友', 'http://so.gushiwen.org/view_70753.aspx', '人生若只如初见，何事秋风悲画扇。\n<br>等闲变却故人心，却道故人心易变。(一作：却道故心人易变)\n<br>骊山语罢清宵半，泪雨霖铃终不怨。(一作：泪雨零 / 夜雨霖)\n<br>何如薄幸锦衣郎，比翼连枝当日愿。', '2', '2017-04-16 23:23:38', '2017-04-16 23:57:19', '朝代：清代', '纳兰性德');
INSERT INTO `craw_store_gushi` VALUES ('108', '酬乐天扬州初逢席上见赠', 'http://so.gushiwen.org/view_18709.aspx', '巴山楚水凄凉地，二十三年弃置身。\n<br>怀旧空吟闻笛赋，到乡翻似烂柯人。\n<br>沉舟侧畔千帆过，病树前头万木春。\n<br>今日听君歌一曲，暂凭杯酒长精神。', '2', '2017-04-16 23:23:38', '2017-04-16 23:57:19', '朝代：唐代', '刘禹锡');
INSERT INTO `craw_store_gushi` VALUES ('109', '望月怀远 / 望月怀古', 'http://so.gushiwen.org/view_2784.aspx', '海上生明月，天涯共此时。\n<br>情人怨遥夜，竟夕起相思。\n<br>灭烛怜光满，披衣觉露滋。\n<br>不堪盈手赠，还寝梦佳期。', '2', '2017-04-16 23:23:38', '2017-04-16 23:57:19', '朝代：唐代', '张九龄');
INSERT INTO `craw_store_gushi` VALUES ('110', '石壕吏', 'http://so.gushiwen.org/view_10449.aspx', '暮投石壕村，有吏夜捉人。老翁逾墙走，老妇出门看。\n<br>吏呼一何怒，妇啼一何苦。听妇前致词，三男邺城戍。\n<br>一男附书至，二男新战死。存者且偷生，死者长已矣。\n<br>室中更无人，惟有乳下孙。有孙母未去，出入无完裙。\n<br>老妪力虽衰，请从吏夜归。急应河阳役，犹得备晨炊。\n<br>夜久语声绝，如闻泣幽咽。天明登前途，独与老翁别。', '2', '2017-04-16 23:23:38', '2017-04-16 23:57:19', '朝代：唐代', '杜甫');

-- ----------------------------
-- Table structure for craw_store_tianyi
-- ----------------------------
DROP TABLE IF EXISTS `craw_store_tianyi`;
CREATE TABLE `craw_store_tianyi` (
  `id` int(11) NOT NULL auto_increment COMMENT 'mysql自增主键',
  `title` varchar(255) default NULL COMMENT '标题',
  `url` varchar(255) default NULL COMMENT '详情地址，如果有详情页',
  `content` mediumtext COMMENT '详情内容',
  `status` int(11) NOT NULL default '1' COMMENT '状态：1未解析 2已解析 3解析失败',
  `create_time` datetime default NULL COMMENT '创建时间',
  `update_time` datetime default NULL COMMENT '修改时间',
  `cover` varchar(500) default NULL COMMENT '封面',
  `start_date` varchar(500) default NULL,
  `click_count` varchar(500) default NULL COMMENT '点击量',
  `dm_count` varchar(500) default NULL,
  `stow_count` varchar(500) default NULL,
  `v_ctimes` varchar(500) default NULL,
  `up_name` varchar(500) default NULL,
  `up_url` varchar(500) default NULL,
  `tags` varchar(500) default NULL COMMENT '标签',
  `embed_url` varchar(500) default NULL,
  PRIMARY KEY  (`id`),
  UNIQUE KEY `url` (`url`)
) ENGINE=InnoDB DEFAULT CHARSET=utf8 COMMENT='洛天依专题';

-- ----------------------------
-- Records of craw_store_tianyi
-- ----------------------------

-- ----------------------------
-- Table structure for sys_menu
-- ----------------------------
DROP TABLE IF EXISTS `sys_menu`;
CREATE TABLE `sys_menu` (
  `id` varchar(255) NOT NULL COMMENT '主键',
  `name` varchar(255) NOT NULL COMMENT '菜单名称',
  `url` varchar(255) NOT NULL COMMENT '菜单地址',
  `pid` varchar(255) default NULL COMMENT '上级id，0为根节点，最多三级菜单',
  `sort` int(11) default NULL COMMENT '排序',
  `icon` varchar(255) default NULL COMMENT '菜单图标',
  `type` varchar(255) default NULL COMMENT '类别',
  `status` int(11) default NULL COMMENT '状态',
  `create_time` datetime default NULL COMMENT '创建时间',
  `update_time` datetime default NULL COMMENT '更新时间',
  PRIMARY KEY  (`id`)
) ENGINE=InnoDB DEFAULT CHARSET=utf8 COMMENT='系统菜单表';

-- ----------------------------
-- Records of sys_menu
-- ----------------------------
INSERT INTO `sys_menu` VALUES ('039168b83c1141ad83cec110c2abacc4', '爬虫规则', 'craw/rule/list', 'c2ca38f1fbe24b169c6568eb3d6928ea', '3', 'icon-bug', 'nav', '1', '2017-04-04 18:27:50', '2017-04-16 11:04:04');
INSERT INTO `sys_menu` VALUES ('111abcc26c944965b3f8d1b9f750b152', '文章管理', 'article/list', 'c2ca38f1fbe24b169c6568eb3d6928ea', '2', 'icon-file-text', 'nav', '1', '2016-04-24 15:41:33', '2017-03-20 21:01:01');
INSERT INTO `sys_menu` VALUES ('17aae5dc92d44cc4b799038c4d0e0564', '菜单管理', 'sysMenu/list', '6658194493a6417c8d747a1677715c0d', '4', 'icon-bars', 'nav', '1', '2017-03-20 20:47:17', '2017-03-21 22:30:53');
INSERT INTO `sys_menu` VALUES ('2f99f2a3d09e44fbb197da5d93a4225e', '视频管理', 'video/list', '36d16dab71ea4a198dbaaf918a187260', '3', 'icon-file-video-o', 'nav', '1', '2016-05-07 21:21:48', '2017-03-20 23:33:26');
INSERT INTO `sys_menu` VALUES ('360760121c734002b30b830dca938f81', '用户管理', 'sysUser/list', '6658194493a6417c8d747a1677715c0d', '2', 'icon-users', 'nav', '1', '2017-03-20 20:53:57', '2017-03-21 22:30:39');
INSERT INTO `sys_menu` VALUES ('36d16dab71ea4a198dbaaf918a187260', '媒体管理', '#', '0', '3', 'icon-film', 'nav', '1', '2017-03-20 21:02:26', '2017-03-20 21:02:26');
INSERT INTO `sys_menu` VALUES ('4f6d1083a1de4b5d8c45bd9433684c16', '角色管理', 'sysRole/list', '6658194493a6417c8d747a1677715c0d', '3', 'icon-smile-o', 'nav', '1', '2017-03-20 20:53:21', '2017-03-21 22:30:46');
INSERT INTO `sys_menu` VALUES ('5af3baef5fcb4fcea562475b0a7b45ae', '文章类别', 'category/list', 'c2ca38f1fbe24b169c6568eb3d6928ea', '1', 'icon-columns', 'nav', '1', '2016-04-24 16:10:09', '2017-03-20 21:00:52');
INSERT INTO `sys_menu` VALUES ('6658194493a6417c8d747a1677715c0d', '系统设置', '#', '0', '1', 'icon-cogs', 'nav', '1', '2017-03-20 20:10:38', '2017-03-20 20:39:29');
INSERT INTO `sys_menu` VALUES ('7afbf254f4ff4c34ac838edf0054e03d', '音乐管理', 'music/list', '36d16dab71ea4a198dbaaf918a187260', '2', 'icon-music', 'nav', '1', '2016-05-07 13:16:23', '2017-03-20 23:32:56');
INSERT INTO `sys_menu` VALUES ('8dcd5e9ac6494e6d9e5e8dbdd029efce', '优美散文', '#', 'd6634c0faf0848f8b1ca8e83b261088f', '1', 'icon-check-square-o', 'nav', '1', null, null);
INSERT INTO `sys_menu` VALUES ('b7e58d9934084113b23e98564beccd41', '消息管理', 'message/list', '36d16dab71ea4a198dbaaf918a187260', '4', 'icon-bullhorn', 'nav', '1', '2016-04-24 17:32:12', '2017-03-20 21:49:36');
INSERT INTO `sys_menu` VALUES ('c2ca38f1fbe24b169c6568eb3d6928ea', '博客管理', '#', '0', '2', 'icon-wordpress', 'nav', '1', '2017-03-20 21:00:22', '2017-03-20 21:00:22');
INSERT INTO `sys_menu` VALUES ('d065c67c5adb4badacba64ad78e97721', '推荐啊', 'recommend', '111abcc26c944965b3f8d1b9f750b152', '2', 'icon-thumbs-o-up', 'nav', '1', '2016-04-27 00:04:05', '2016-04-27 22:04:05');
INSERT INTO `sys_menu` VALUES ('d6634c0faf0848f8b1ca8e83b261088f', '评论', 'comment/list', '111abcc26c944965b3f8d1b9f750b152', '1', 'icon-comments-o', 'nav', '1', '2016-04-27 00:05:24', '2016-04-27 21:45:24');
INSERT INTO `sys_menu` VALUES ('de29c98fc6614e498fac12b3fe31c37f', '系统参数', 'sysParameter/list', '6658194493a6417c8d747a1677715c0d', '1', 'icon-cog', 'nav', '1', '2017-03-20 20:48:51', '2017-03-20 20:57:50');
INSERT INTO `sys_menu` VALUES ('e32496508ef04f34a1bf7e7bb76add00', '爬虫文章', 'craw/store/list', 'c2ca38f1fbe24b169c6568eb3d6928ea', '4', 'icon-download', 'nav', '1', '2017-04-04 18:30:22', '2017-04-16 11:04:10');
INSERT INTO `sys_menu` VALUES ('fef5df3292924d65833807da0cf3097c', '图片管理', 'photo/list', '36d16dab71ea4a198dbaaf918a187260', '1', 'icon-file-photo-o', 'nav', '1', '2016-12-08 00:03:21', '2017-03-20 23:32:46');

-- ----------------------------
-- Table structure for sys_parameter
-- ----------------------------
DROP TABLE IF EXISTS `sys_parameter`;
CREATE TABLE `sys_parameter` (
  `id` varchar(255) NOT NULL COMMENT '主键',
  `name` varchar(255) NOT NULL COMMENT '参数名称',
  `param_key` varchar(255) NOT NULL COMMENT '英文键，唯一',
  `param_value` varchar(255) default NULL COMMENT '参数值',
  `remark` text COMMENT '备注',
  `create_time` datetime default NULL COMMENT '创建时间',
  PRIMARY KEY  (`id`),
  UNIQUE KEY `index_param_key` (`param_key`)
) ENGINE=InnoDB DEFAULT CHARSET=utf8 COMMENT='系统参数表';

-- ----------------------------
-- Records of sys_parameter
-- ----------------------------
INSERT INTO `sys_parameter` VALUES ('151fd03f842b42b086fdcb346e35183e', '签名', 'SIGN', '悟空', '我要这铁棒有何用，\r\n\r\n我有这变化又如何，\r\n\r\n还是不安，还是氐惆\r\n\r\n金箍当头，欲说还休', '2017-03-26 15:42:56');
INSERT INTO `sys_parameter` VALUES ('1813430e2733463ba5c0147cc6dc60ad', '网址', 'WEB_URL', 'http://www.zong.me', '', '2016-04-30 00:18:20');
INSERT INTO `sys_parameter` VALUES ('67789e1992394f5d8b0f7141cbc79b82', '介绍', 'WEB_DESC', '彼岸花 - 洛天依', '微风轻拂雨飘洒 昨夜花开满枝桠 \r\n\r\n隐隐山前一缕霞 小桃闲补两三花 \r\n\r\n红袖添香染古刹 琴瑟相和洗铅华 \r\n\r\n谁人月光下作画 谁赋诗来以情答 \r\n\r\n任岁月匆匆如流沙 任四季飘荡荡的天涯\r\n\r\n奈何桥向往的彼岸花 茫茫人海孤独泪落下\r\n\r\n谁在意生命的真与假 谁念起他曾经说过的话\r\n\r\n一天一天衰老粉黛脸颊 只留下对世间的牵挂', '2017-03-26 13:50:21');
INSERT INTO `sys_parameter` VALUES ('b15dede16e87477f9a16a38c7d40818f', '网站名称', 'WEB_NAME', 'zbase修仙', '专业修仙30年', '2016-04-30 00:17:22');
INSERT INTO `sys_parameter` VALUES ('f6b6078b62eb4c58935ef79db53dc5d6', '标志', 'LOGO', '', '', '2016-04-30 00:20:01');

-- ----------------------------
-- Table structure for sys_role
-- ----------------------------
DROP TABLE IF EXISTS `sys_role`;
CREATE TABLE `sys_role` (
  `id` varchar(255) NOT NULL,
  `name` varchar(255) NOT NULL,
  `remark` varchar(255) default NULL,
  `create_time` datetime default NULL,
  PRIMARY KEY  (`id`)
) ENGINE=InnoDB DEFAULT CHARSET=utf8 COMMENT='系统角色表';

-- ----------------------------
-- Records of sys_role
-- ----------------------------
INSERT INTO `sys_role` VALUES ('1563da63c0944b48ab789b513934d3de', '炼气', '炼气级别用户', '2016-04-30 22:21:31');
INSERT INTO `sys_role` VALUES ('280d46496003479e80980a42241b3cb6', '筑基', '嘿嘿嘿', '2017-03-21 22:23:45');
INSERT INTO `sys_role` VALUES ('5063d21c2709480e9f92ab3e8b62caf4', '金丹', '', '2017-03-21 22:28:28');
INSERT INTO `sys_role` VALUES ('774e569cbe454b68be1924cdef5a1735', '元婴', '', '2017-03-24 21:01:26');
INSERT INTO `sys_role` VALUES ('7de82480ff894429a9864e76410f03f6', '化神', '', '2017-03-24 21:01:38');
INSERT INTO `sys_role` VALUES ('b82ecffc49b8405e9e7121f1967d35bc', '大乘', '', '2017-03-24 21:01:10');
INSERT INTO `sys_role` VALUES ('f2a6c498887c499e93b716494389415c', '飞升', '系统管理员', '2016-04-30 22:19:04');

-- ----------------------------
-- Table structure for sys_role_menu
-- ----------------------------
DROP TABLE IF EXISTS `sys_role_menu`;
CREATE TABLE `sys_role_menu` (
  `id` varchar(255) NOT NULL default '' COMMENT '主键',
  `role_id` varchar(255) NOT NULL COMMENT '角色id',
  `menu_id` varchar(255) NOT NULL COMMENT '菜单Id',
  PRIMARY KEY  (`id`)
) ENGINE=InnoDB DEFAULT CHARSET=utf8 COMMENT='系统角色关联菜单表';

-- ----------------------------
-- Records of sys_role_menu
-- ----------------------------
INSERT INTO `sys_role_menu` VALUES ('051bb7b168a1492dac047143abdbcc79', '1563da63c0944b48ab789b513934d3de', '36d16dab71ea4a198dbaaf918a187260');
INSERT INTO `sys_role_menu` VALUES ('05f2259ea7fb483eba3829a66ebcbf88', '280d46496003479e80980a42241b3cb6', '36d16dab71ea4a198dbaaf918a187260');
INSERT INTO `sys_role_menu` VALUES ('112e53abc78a4d5cb309b2e3ea159493', 'f2a6c498887c499e93b716494389415c', '4f6d1083a1de4b5d8c45bd9433684c16');
INSERT INTO `sys_role_menu` VALUES ('1aca3ec8df1d4c56bc53712fe4bcc5b9', '280d46496003479e80980a42241b3cb6', 'c2ca38f1fbe24b169c6568eb3d6928ea');
INSERT INTO `sys_role_menu` VALUES ('1beaaaeba9494adbaa23c507c5dc0756', 'f2a6c498887c499e93b716494389415c', 'fef5df3292924d65833807da0cf3097c');
INSERT INTO `sys_role_menu` VALUES ('24267fc5a24c4491b83dbb71965b1d35', '5063d21c2709480e9f92ab3e8b62caf4', '36d16dab71ea4a198dbaaf918a187260');
INSERT INTO `sys_role_menu` VALUES ('250fc720f8f44d8b8ac7f470e9d09fd0', 'f2a6c498887c499e93b716494389415c', 'b7e58d9934084113b23e98564beccd41');
INSERT INTO `sys_role_menu` VALUES ('338aeddc71cb41d4b3fa970715d1e667', 'f2a6c498887c499e93b716494389415c', 'de29c98fc6614e498fac12b3fe31c37f');
INSERT INTO `sys_role_menu` VALUES ('35d0c1f5f3e74c6aa6d3f54941c55f3f', 'f2a6c498887c499e93b716494389415c', '111abcc26c944965b3f8d1b9f750b152');
INSERT INTO `sys_role_menu` VALUES ('41177775692f4be1bad89855131fd4ac', 'f2a6c498887c499e93b716494389415c', '6658194493a6417c8d747a1677715c0d');
INSERT INTO `sys_role_menu` VALUES ('43690d1bad804419b0b3bb9cb1371d82', 'f2a6c498887c499e93b716494389415c', '2f99f2a3d09e44fbb197da5d93a4225e');
INSERT INTO `sys_role_menu` VALUES ('4d16b25dbb9e49ed8850ddbf0d3296db', '280d46496003479e80980a42241b3cb6', 'b7e58d9934084113b23e98564beccd41');
INSERT INTO `sys_role_menu` VALUES ('555315ccc3b4495d9bb3949e355a3e5c', '5063d21c2709480e9f92ab3e8b62caf4', '2f99f2a3d09e44fbb197da5d93a4225e');
INSERT INTO `sys_role_menu` VALUES ('6781e70b7fc546f5a6340b0b12b43a29', '774e569cbe454b68be1924cdef5a1735', 'de29c98fc6614e498fac12b3fe31c37f');
INSERT INTO `sys_role_menu` VALUES ('72a3a8e679034782b8be443ea3725ac1', '774e569cbe454b68be1924cdef5a1735', '6658194493a6417c8d747a1677715c0d');
INSERT INTO `sys_role_menu` VALUES ('7f58108d22754d02a56b5251be9489e1', '5063d21c2709480e9f92ab3e8b62caf4', 'b7e58d9934084113b23e98564beccd41');
INSERT INTO `sys_role_menu` VALUES ('9d1501ddf9e64fa99d8f3e12fc4ff6f1', 'f2a6c498887c499e93b716494389415c', '36d16dab71ea4a198dbaaf918a187260');
INSERT INTO `sys_role_menu` VALUES ('a01f3cbd476e49419f9ca478057f34dd', '1563da63c0944b48ab789b513934d3de', 'b7e58d9934084113b23e98564beccd41');
INSERT INTO `sys_role_menu` VALUES ('a4f9a07bf6e542aca7732cb99f59d731', 'f2a6c498887c499e93b716494389415c', 'e32496508ef04f34a1bf7e7bb76add00');
INSERT INTO `sys_role_menu` VALUES ('ced4b940bdcd4e579b1d08128d0a5525', 'f2a6c498887c499e93b716494389415c', '17aae5dc92d44cc4b799038c4d0e0564');
INSERT INTO `sys_role_menu` VALUES ('d846dc5774f5454498b10faea4683d95', 'f2a6c498887c499e93b716494389415c', '5af3baef5fcb4fcea562475b0a7b45ae');
INSERT INTO `sys_role_menu` VALUES ('db7a4a0046a8450bba6e251225aabe02', 'f2a6c498887c499e93b716494389415c', '7afbf254f4ff4c34ac838edf0054e03d');
INSERT INTO `sys_role_menu` VALUES ('de32779481dd4170965d6934dc726ad8', 'f2a6c498887c499e93b716494389415c', '039168b83c1141ad83cec110c2abacc4');
INSERT INTO `sys_role_menu` VALUES ('ec0fbb59f76343f897e93f2789702267', 'f2a6c498887c499e93b716494389415c', 'c2ca38f1fbe24b169c6568eb3d6928ea');
INSERT INTO `sys_role_menu` VALUES ('f10e9953a00c47acb1b0202014195df9', 'f2a6c498887c499e93b716494389415c', '360760121c734002b30b830dca938f81');
INSERT INTO `sys_role_menu` VALUES ('f5f57ec52b4648ab8695bcc41c3f3455', '280d46496003479e80980a42241b3cb6', '111abcc26c944965b3f8d1b9f750b152');

-- ----------------------------
-- Table structure for sys_user
-- ----------------------------
DROP TABLE IF EXISTS `sys_user`;
CREATE TABLE `sys_user` (
  `id` varchar(255) NOT NULL COMMENT '主键',
  `username` varchar(255) NOT NULL COMMENT '用户名',
  `password` varchar(255) NOT NULL COMMENT '密码',
  `nickname` varchar(255) default NULL COMMENT '昵称',
  `gender` varchar(255) default NULL COMMENT '性别：1男 2女',
  `birthday` datetime default NULL COMMENT '生日',
  `avatar` varchar(255) default NULL COMMENT '头像',
  `remark` text COMMENT '备注',
  `status` int(11) default NULL COMMENT '状态',
  `last_login` datetime default NULL COMMENT '上次登录时间',
  `ip` varchar(255) default NULL COMMENT '登录ip',
  `auth_key` varchar(255) default NULL COMMENT '简单的浏览器自动登录cookie密钥，唯一',
  `create_time` datetime default NULL,
  `update_time` datetime default NULL,
  PRIMARY KEY  (`id`),
  UNIQUE KEY `index_username` USING BTREE (`username`),
  KEY `index_auth_key` USING BTREE (`auth_key`)
) ENGINE=InnoDB DEFAULT CHARSET=utf8 COMMENT='系统用户表';

-- ----------------------------
-- Records of sys_user
-- ----------------------------
INSERT INTO `sys_user` VALUES ('0e1a65cd5166407e8c807b9dc6cec765', 'ye154430', 'e10adc3949ba59abbe56e057f20f883e', '大侠洛天依', '女', '2016-05-07 00:00:00', 'upload/20160429/d1a4461ef500473781beeddfaf5f9445.png', '<p>哈哈哈哈</p>', '1', '2017-03-26 13:15:46', '0:0:0:0:0:0:0:1', '8d2a2d0d-d1c3-4df0-a84a-f70e3d698674', '2016-04-24 00:08:54', '2017-03-25 00:19:25');
INSERT INTO `sys_user` VALUES ('41155f3a0e904d8294735331de175a23', 'kp019287', 'e10adc3949ba59abbe56e057f20f883e', '鲍三娘', '女', '2016-03-27 00:00:00', 'upload/picture/20170323/1490200369015.png', '', '1', null, null, null, '2016-04-24 16:29:45', '2017-03-23 00:17:47');
INSERT INTO `sys_user` VALUES ('439b6c9b949048e99c4ea8efdda4ab2e', 'cy542290', 'e10adc3949ba59abbe56e057f20f883e', '龙傲天', '男', '1985-04-29 00:00:00', 'upload/picture/20170323/1490200685730.png', '', '1', null, null, null, '2016-03-14 23:57:36', '2017-03-23 22:38:01');
INSERT INTO `sys_user` VALUES ('680d9db60d26434b801107cddcbf0ac0', 'ps205466', 'e10adc3949ba59abbe56e057f20f883e', '小乔妹妹', '女', '2016-04-11 00:00:00', 'upload/picture/20170319/1489921503324.png', '', '1', '2017-03-19 19:05:42', '0:0:0:0:0:0:0:1', null, '2016-04-24 18:46:55', '2017-03-19 19:05:01');
INSERT INTO `sys_user` VALUES ('705aada5-9da9-4579-b6d9-a8300c63dc20', 'vf904615', 'e10adc3949ba59abbe56e057f20f883e', '王元姬', '女', null, 'upload/picture/20170323/1490200776716.png', '', '1', null, null, null, '2016-02-19 16:00:28', '2017-03-23 22:39:40');
INSERT INTO `sys_user` VALUES ('70ae6aedc1864dfd9a045617bc3e0779', 'ns433653', 'e10adc3949ba59abbe56e057f20f883e', '练师', '女', '2016-04-01 00:00:00', 'upload/picture/20170323/1490200425440.png', '', '1', null, null, null, '2016-03-12 14:22:03', '2017-03-23 22:35:55');
INSERT INTO `sys_user` VALUES ('71189304cc604a3c8834bf0235b2e0c9', 'mj344347', 'e10adc3949ba59abbe56e057f20f883e', '吕玲绮', '女', null, 'upload/picture/20170323/1490203095100.png', '', '1', null, null, null, '2017-03-23 01:16:42', '2017-03-23 22:18:16');
INSERT INTO `sys_user` VALUES ('77a5462d3c144273811570ba138cd1b4', 'gr117577', 'e10adc3949ba59abbe56e057f20f883e', '貂蝉', '女', '2016-04-20 00:00:00', 'upload/picture/20170322/1490184509865.png', '', '1', null, null, null, '2016-03-12 14:22:32', '2017-03-22 22:11:48');
INSERT INTO `sys_user` VALUES ('95764b66-297b-4a92-9526-474ae904019a', 'zv738872', 'e10adc3949ba59abbe56e057f20f883e', '月英', '女', null, 'upload/picture/20170323/1490200610994.png', '', '1', null, null, null, '2016-03-08 17:51:47', '2017-03-23 00:07:00');
INSERT INTO `sys_user` VALUES ('99311c408e664416b7efed3a54fe771f', 'ra485007', 'e10adc3949ba59abbe56e057f20f883e', '孙尚香', '女', '2017-03-01 00:00:00', 'upload/picture/20170319/1489920651693.png', '<p>呵呵呵</p>', '1', null, null, null, '2017-03-19 18:50:56', '2017-03-20 23:12:14');
INSERT INTO `sys_user` VALUES ('9d2a1b1d335a4e1b921b4d75a9fb761a', 'mw926523', 'e10adc3949ba59abbe56e057f20f883e', '子龙大侠', '女', '2016-03-27 00:00:00', 'upload/picture/20170323/1490200404177.png', '', '1', '2016-05-01 23:50:47', '127.0.0.1', null, '2016-04-24 18:47:33', '2017-03-23 22:33:24');
INSERT INTO `sys_user` VALUES ('9ec2f30db5014bb0b8202a3bc4a84f19', 'jp072045', 'e10adc3949ba59abbe56e057f20f883e', '张春华', '女', null, 'upload/picture/20170323/1490203122098.png', '', '1', null, null, null, '2017-03-23 01:18:43', '2017-03-26 13:43:13');
INSERT INTO `sys_user` VALUES ('b7d74a19b7c1464e88b7943ea51e3319', 'nt166438', 'e10adc3949ba59abbe56e057f20f883e', '星彩', '女', '2016-03-27 00:00:00', 'upload/picture/20170323/1490200577575.png', '', '1', null, null, null, '2016-03-12 13:49:30', '2017-03-23 00:06:28');
INSERT INTO `sys_user` VALUES ('bd9ab8c554a34c95969e2899f1767d99', 'qu652447', 'e10adc3949ba59abbe56e057f20f883e', '关银屏', '', null, 'upload/picture/20170323/1490203036468.png', '', '1', null, null, null, '2017-03-23 00:17:14', '2017-03-23 21:17:14');
INSERT INTO `sys_user` VALUES ('d3e3275db54c4997baffa728bbe9a4e8', 'admin', 'e10adc3949ba59abbe56e057f20f883e', '老司机', '女', '2016-04-13 00:00:00', 'upload/picture/20170320/1490024530082.png', '<p>嘿嘿嘿</p>', '1', '2017-04-16 23:13:46', '0:0:0:0:0:0:0:1', 'a36fb22a-8342-47b7-93e2-28346d67e0d4', '2016-04-23 23:49:55', '2017-03-25 00:02:46');
INSERT INTO `sys_user` VALUES ('eaf8243a43d8479392ca2cdc7982aa81', 'rc505556', 'e10adc3949ba59abbe56e057f20f883e', '王异', '女', null, 'upload/picture/20170323/1490202867226.png', '', '1', null, null, null, '2017-03-23 01:14:25', '2017-03-23 22:14:25');
INSERT INTO `sys_user` VALUES ('f824a8e6-606e-461f-a225-9122357d5260', 'pv506140', 'auth123456', '甄宓', '女', null, 'upload/picture/20170323/1490200319471.png', '', '1', null, null, null, '2016-03-13 15:00:15', '2017-03-23 22:32:31');
INSERT INTO `sys_user` VALUES ('f8757186af4c4b18805f4c67c10efca7', 'ms682529', 'e10adc3949ba59abbe56e057f20f883e', '祝融', '', null, 'upload/picture/20170323/1490200829129.png', '', '1', null, null, null, '2017-03-23 00:00:28', '2017-03-23 21:40:28');
INSERT INTO `sys_user` VALUES ('fa646600fce14c14813544aa08b14427', 'jw382283', 'e10adc3949ba59abbe56e057f20f883e', '蔡文姬', '女', '2017-03-08 00:00:00', 'upload/picture/20170322/1490115128242.png', '<p>666</p>', '2', null, null, null, '2017-03-22 00:09:47', '2017-03-23 22:30:15');
INSERT INTO `sys_user` VALUES ('fb52ab5b-a2c6-413a-8668-b1e3060dfc3a', 'tm193626', 'e10adc3949ba59abbe56e057f20f883e', '大乔', '女', null, 'upload/picture/20170323/1490200731996.png', '', '1', null, null, null, '2016-01-29 17:41:31', '2017-03-23 22:38:57');

-- ----------------------------
-- Table structure for sys_user_role
-- ----------------------------
DROP TABLE IF EXISTS `sys_user_role`;
CREATE TABLE `sys_user_role` (
  `id` varchar(255) NOT NULL default '',
  `user_id` varchar(255) NOT NULL COMMENT '用户Id',
  `role_id` varchar(255) NOT NULL COMMENT '角色id',
  PRIMARY KEY  (`id`)
) ENGINE=InnoDB DEFAULT CHARSET=utf8 COMMENT='系统用户关联角色表';

-- ----------------------------
-- Records of sys_user_role
-- ----------------------------
INSERT INTO `sys_user_role` VALUES ('068e9b1d86f448d59f3afb7fc5335493', '0e1a65cd5166407e8c807b9dc6cec765', '774e569cbe454b68be1924cdef5a1735');
INSERT INTO `sys_user_role` VALUES ('0b791853146849378ef064e56f55546e', 'fa646600fce14c14813544aa08b14427', '280d46496003479e80980a42241b3cb6');
INSERT INTO `sys_user_role` VALUES ('b050497721b7414d897c2cb7fb287d11', 'd3e3275db54c4997baffa728bbe9a4e8', 'f2a6c498887c499e93b716494389415c');
INSERT INTO `sys_user_role` VALUES ('b38735b9997d408a8fbf87544d31c8fe', '77a5462d3c144273811570ba138cd1b4', '1563da63c0944b48ab789b513934d3de');
INSERT INTO `sys_user_role` VALUES ('b7d8973c28d84214814f3d7b91844f7c', '439b6c9b949048e99c4ea8efdda4ab2e', '1563da63c0944b48ab789b513934d3de');
INSERT INTO `sys_user_role` VALUES ('c12f494e792d4e61912ee108407cca54', '0e1a65cd5166407e8c807b9dc6cec765', '5063d21c2709480e9f92ab3e8b62caf4');
INSERT INTO `sys_user_role` VALUES ('e3d7aca79e1e49d398dd8fa356692d1b', '41155f3a0e904d8294735331de175a23', '280d46496003479e80980a42241b3cb6');
INSERT INTO `sys_user_role` VALUES ('f9120e9eb1194c84a14f54d81e88022e', 'fa646600fce14c14813544aa08b14427', '5063d21c2709480e9f92ab3e8b62caf4');
